"CRUISE","AGENCY","SCIENTIST","PLATFORM","START TIME(UTC)","END TIME(UTC)","DURATION (DAYS)","STATION","LAT","LON","DATATYPE","FILENAME","FILE_URL","NETCDF_URL"
2008-026,"IOS, Ocean Science and Productivity, Sidney, B.C.","Robert M.","John P. Tully","2008-06-08 22:26:14","2008-06-08 22:26:14",0,P26,50.00033,-144.99917,CTD,Cruise_Data/2008/2008-026/CTD/2008-026-0062.ctd,www.waterproperties.ca/osd_data_archive/Cruise_Data/2008/2008-026/CTD/2008-026-0062.ctd,www.waterproperties.ca/osd_data_archive/netCDF_Data/CTD/2008-026-0062.ctd.nc
2008-026,"IOS, Ocean Science and Productivity, Sidney, B.C.","Robert M.","John P. Tully","2008-06-09 13:29:36","2008-06-09 13:29:36",0,P26,50.00033,-145.00000,CTD,Cruise_Data/2008/2008-026/CTD/2008-026-0069.ctd,www.waterproperties.ca/osd_data_archive/Cruise_Data/2008/2008-026/CTD/2008-026-0069.ctd,www.waterproperties.ca/osd_data_archive/netCDF_Data/CTD/2008-026-0069.ctd.nc
2008-026,"IOS, Ocean Science and Productivity, Sidney, B.C.","Robert M.","John P. Tully","2008-06-10 12:31:16","2008-06-10 12:31:16",0,P26,49.99983,-144.99900,CTD,Cruise_Data/2008/2008-026/CTD/2008-026-0074.ctd,www.waterproperties.ca/osd_data_archive/Cruise_Data/2008/2008-026/CTD/2008-026-0074.ctd,www.waterproperties.ca/osd_data_archive/netCDF_Data/CTD/2008-026-0074.ctd.nc
2008-026,"IOS, Ocean Science and Productivity, Sidney, B.C.","Robert M.","John P. Tully","2008-06-08 17:25:45","2008-06-08 17:25:45",0,P26,50.00067,-145.00000,CTD,Cruise_Data/2008/2008-026/CTD/2008-026-0059.ctd,www.waterproperties.ca/osd_data_archive/Cruise_Data/2008/2008-026/CTD/2008-026-0059.ctd,www.waterproperties.ca/osd_data_archive/netCDF_Data/CTD/2008-026-0059.ctd.nc
2008-026,"IOS, Ocean Science and Productivity, Sidney, B.C.","Robert M.","John P. Tully","2008-06-08 23:45:51","2008-06-08 23:45:51",0,P26,49.99950,-144.99933,CTD,Cruise_Data/2008/2008-026/CTD/2008-026-0063.ctd,www.waterproperties.ca/osd_data_archive/Cruise_Data/2008/2008-026/CTD/2008-026-0063.ctd,www.waterproperties.ca/osd_data_archive/netCDF_Data/CTD/2008-026-0063.ctd.nc
2008-026,"IOS, Ocean Science and Productivity, Sidney, B.C.","Robert M.","John P. Tully","2008-06-09 03:54:32","2008-06-09 03:54:32",0,P26,50.00200,-144.99867,CTD,Cruise_Data/2008/2008-026/CTD/2008-026-0067.ctd,www.waterproperties.ca/osd_data_archive/Cruise_Data/2008/2008-026/CTD/2008-026-0067.ctd,www.waterproperties.ca/osd_data_archive/netCDF_Data/CTD/2008-026-0067.ctd.nc
2008-027,"IOS, Ocean Sciences Division, Sidney, B.C.","Robert M.","John P. Tully","2008-08-21 07:48:55","2008-08-21 07:48:55",0,P26,50.00017,-145.00000,CTD,Cruise_Data/2008/2008-027/CTD/2008-027-0075.ctd,www.waterproperties.ca/osd_data_archive/Cruise_Data/2008/2008-027/CTD/2008-027-0075.ctd,www.waterproperties.ca/osd_data_archive/netCDF_Data/CTD/2008-027-0075.ctd.nc
2008-027,"IOS, Ocean Sciences Division, Sidney, B.C.","Robert M.","John P. Tully","2008-08-21 01:29:31","2008-08-21 01:29:31",0,P26,50.00050,-144.99783,CTD,Cruise_Data/2008/2008-027/CTD/2008-027-0072.ctd,www.waterproperties.ca/osd_data_archive/Cruise_Data/2008/2008-027/CTD/2008-027-0072.ctd,www.waterproperties.ca/osd_data_archive/netCDF_Data/CTD/2008-027-0072.ctd.nc
2008-027,"IOS, Ocean Sciences Division, Sidney, B.C.","Robert M.","John P. Tully","2008-08-21 14:48:27","2008-08-21 14:48:27",0,P26,50.00050,-145.00100,CTD,Cruise_Data/2008/2008-027/CTD/2008-027-0081.ctd,www.waterproperties.ca/osd_data_archive/Cruise_Data/2008/2008-027/CTD/2008-027-0081.ctd,www.waterproperties.ca/osd_data_archive/netCDF_Data/CTD/2008-027-0081.ctd.nc
2008-027,"IOS, Ocean Sciences Division, Sidney, B.C.","Robert M.","John P. Tully","2008-08-21 10:05:08","2008-08-21 10:05:08",0,P26,49.99983,-144.99933,CTD,Cruise_Data/2008/2008-027/CTD/2008-027-0076.ctd,www.waterproperties.ca/osd_data_archive/Cruise_Data/2008/2008-027/CTD/2008-027-0076.ctd,www.waterproperties.ca/osd_data_archive/netCDF_Data/CTD/2008-027-0076.ctd.nc
2008-027,"IOS, Ocean Sciences Division, Sidney, B.C.","Robert M.","John P. Tully","2008-08-21 06:17:51","2008-08-21 06:17:51",0,P26,50.00133,-145.00167,CTD,Cruise_Data/2008/2008-027/CTD/2008-027-0074.ctd,www.waterproperties.ca/osd_data_archive/Cruise_Data/2008/2008-027/CTD/2008-027-0074.ctd,www.waterproperties.ca/osd_data_archive/netCDF_Data/CTD/2008-027-0074.ctd.nc
2008-027,"IOS, Ocean Sciences Division, Sidney, B.C.","Robert M.","John P. Tully","2008-08-21 20:39:20","2008-08-21 20:39:20",0,P26,50.00000,-144.99967,CTD,Cruise_Data/2008/2008-027/CTD/2008-027-0085.ctd,www.waterproperties.ca/osd_data_archive/Cruise_Data/2008/2008-027/CTD/2008-027-0085.ctd,www.waterproperties.ca/osd_data_archive/netCDF_Data/CTD/2008-027-0085.ctd.nc
2008-027,"IOS, Ocean Sciences Division, Sidney, B.C.","Robert M.","John P. Tully","2008-08-21 22:59:52","2008-08-21 22:59:52",0,P26,49.99983,-144.99967,CTD,Cruise_Data/2008/2008-027/CTD/2008-027-0086.ctd,www.waterproperties.ca/osd_data_archive/Cruise_Data/2008/2008-027/CTD/2008-027-0086.ctd,www.waterproperties.ca/osd_data_archive/netCDF_Data/CTD/2008-027-0086.ctd.nc
2008-027,"IOS, Ocean Sciences Division, Sidney, B.C.","Robert M.","John P. Tully","2008-08-21 05:38:38","2008-08-21 05:38:38",0,P26,49.99967,-145.00100,CTD,Cruise_Data/2008/2008-027/CTD/2008-027-0073.ctd,www.waterproperties.ca/osd_data_archive/Cruise_Data/2008/2008-027/CTD/2008-027-0073.ctd,www.waterproperties.ca/osd_data_archive/netCDF_Data/CTD/2008-027-0073.ctd.nc
2008-027,"IOS, Ocean Sciences Division, Sidney, B.C.","Robert M.","John P. Tully","2008-08-22 00:56:14","2008-08-22 00:56:14",0,P26,49.99983,-145.00067,CTD,Cruise_Data/2008/2008-027/CTD/2008-027-0087.ctd,www.waterproperties.ca/osd_data_archive/Cruise_Data/2008/2008-027/CTD/2008-027-0087.ctd,www.waterproperties.ca/osd_data_archive/netCDF_Data/CTD/2008-027-0087.ctd.nc
2008-001,"IOS, Ocean Science and Productivity, Sidney, B.C.","Robert M.","John P. Tully","2008-02-09 03:33:31","2008-02-09 03:33:31",0,P26,49.99817,-145.00583,CTD,Cruise_Data/2008/2008-001/CTD/2008-001-0046.ctd,www.waterproperties.ca/osd_data_archive/Cruise_Data/2008/2008-001/CTD/2008-001-0046.ctd,www.waterproperties.ca/osd_data_archive/netCDF_Data/CTD/2008-001-0046.ctd.nc
2008-001,"IOS, Ocean Science and Productivity, Sidney, B.C.","Robert M.","John P. Tully","2008-02-09 02:20:34","2008-02-09 02:20:34",0,P26,49.99883,-145.00350,CTD,Cruise_Data/2008/2008-001/CTD/2008-001-0045.ctd,www.waterproperties.ca/osd_data_archive/Cruise_Data/2008/2008-001/CTD/2008-001-0045.ctd,www.waterproperties.ca/osd_data_archive/netCDF_Data/CTD/2008-001-0045.ctd.nc
2008-001,"IOS, Ocean Science and Productivity, Sidney, B.C.","Robert M.","John P. Tully","2008-02-10 16:12:42","2008-02-10 16:12:42",0,P26,50.00483,-145.00083,CTD,Cruise_Data/2008/2008-001/CTD/2008-001-0047.ctd,www.waterproperties.ca/osd_data_archive/Cruise_Data/2008/2008-001/CTD/2008-001-0047.ctd,www.waterproperties.ca/osd_data_archive/netCDF_Data/CTD/2008-001-0047.ctd.nc
2009-003,"IOS, Ocean Sciences Division, Sidney, B.C.","Robert M.","John P. Tully","2009-02-05 13:29:47","2009-02-05 13:29:47",0,P26,50.01067,-145.05633,CTD,Cruise_Data/2009/2009-003/CTD/2009-003-0050.ctd,www.waterproperties.ca/osd_data_archive/Cruise_Data/2009/2009-003/CTD/2009-003-0050.ctd,www.waterproperties.ca/osd_data_archive/netCDF_Data/CTD/2009-003-0050.ctd.nc
2009-003,"IOS, Ocean Sciences Division, Sidney, B.C.","Robert M.","John P. Tully","2009-02-05 11:42:57","2009-02-05 11:42:57",0,P26,49.99550,-145.03633,CTD,Cruise_Data/2009/2009-003/CTD/2009-003-0049.ctd,www.waterproperties.ca/osd_data_archive/Cruise_Data/2009/2009-003/CTD/2009-003-0049.ctd,www.waterproperties.ca/osd_data_archive/netCDF_Data/CTD/2009-003-0049.ctd.nc
2009-003,"IOS, Ocean Sciences Division, Sidney, B.C.","Robert M.","John P. Tully","2009-02-05 07:20:58","2009-02-05 07:20:58",0,P26,49.99433,-144.99733,CTD,Cruise_Data/2009/2009-003/CTD/2009-003-0046.ctd,www.waterproperties.ca/osd_data_archive/Cruise_Data/2009/2009-003/CTD/2009-003-0046.ctd,www.waterproperties.ca/osd_data_archive/netCDF_Data/CTD/2009-003-0046.ctd.nc
2009-003,"IOS, Ocean Sciences Division, Sidney, B.C.","Robert M.","John P. Tully","2009-02-05 03:29:36","2009-02-05 03:29:36",0,P26,49.99850,-144.99900,CTD,Cruise_Data/2009/2009-003/CTD/2009-003-0044.ctd,www.waterproperties.ca/osd_data_archive/Cruise_Data/2009/2009-003/CTD/2009-003-0044.ctd,www.waterproperties.ca/osd_data_archive/netCDF_Data/CTD/2009-003-0044.ctd.nc
2009-003,"IOS, Ocean Sciences Division, Sidney, B.C.","Robert M.","John P. Tully","2009-02-05 02:08:58","2009-02-05 02:08:58",0,P26,50.00067,-144.99833,CTDf,Cruise_Data/2009/2009-003/CTD/2009-003-0042.ctd,www.waterproperties.ca/osd_data_archive/Cruise_Data/2009/2009-003/CTD/2009-003-0042.ctd,www.waterproperties.ca/osd_data_archive/netCDF_Data/CTD/2009-003-0042.ctd.nc
2009-003,"IOS, Ocean Sciences Division, Sidney, B.C.","Robert M.","John P. Tully","2009-02-05 09:25:40","2009-02-05 09:25:40",0,P26,49.99717,-145.00633,CTD,Cruise_Data/2009/2009-003/CTD/2009-003-0048.ctd,www.waterproperties.ca/osd_data_archive/Cruise_Data/2009/2009-003/CTD/2009-003-0048.ctd,www.waterproperties.ca/osd_data_archive/netCDF_Data/CTD/2009-003-0048.ctd.nc
2009-003,"IOS, Ocean Sciences Division, Sidney, B.C.","Robert M.","John P. Tully","2009-02-04 17:10:58","2009-02-04 17:10:58",0,P26,50.00000,-144.99933,CTD,Cruise_Data/2009/2009-003/CTD/2009-003-0040.ctd,www.waterproperties.ca/osd_data_archive/Cruise_Data/2009/2009-003/CTD/2009-003-0040.ctd,www.waterproperties.ca/osd_data_archive/netCDF_Data/CTD/2009-003-0040.ctd.nc
2009-009,"IOS, Ocean Sciences Division, Sidney, B.C.","Robert M.","John P. Tully","2009-06-14 17:38:02","2009-06-14 17:38:02",0,P26,50.00017,-145.00050,CTD,Cruise_Data/2009/2009-009/CTD/2009-009-0074.ctd,www.waterproperties.ca/osd_data_archive/Cruise_Data/2009/2009-009/CTD/2009-009-0074.ctd,www.waterproperties.ca/osd_data_archive/netCDF_Data/CTD/2009-009-0074.ctd.nc
2009-009,"IOS, Ocean Sciences Division, Sidney, B.C.","Robert M.","John P. Tully","2009-06-15 02:31:51","2009-06-15 02:31:51",0,P26,49.99983,-145.00017,CTD,Cruise_Data/2009/2009-009/CTD/2009-009-0079.ctd,www.waterproperties.ca/osd_data_archive/Cruise_Data/2009/2009-009/CTD/2009-009-0079.ctd,www.waterproperties.ca/osd_data_archive/netCDF_Data/CTD/2009-009-0079.ctd.nc
2009-009,"IOS, Ocean Sciences Division, Sidney, B.C.","Robert M.","John P. Tully","2009-06-14 12:19:37","2009-06-14 12:19:37",0,P26,50.00167,-144.99900,CTD,Cruise_Data/2009/2009-009/CTD/2009-009-0071.ctd,www.waterproperties.ca/osd_data_archive/Cruise_Data/2009/2009-009/CTD/2009-009-0071.ctd,www.waterproperties.ca/osd_data_archive/netCDF_Data/CTD/2009-009-0071.ctd.nc
2009-009,"IOS, Ocean Sciences Division, Sidney, B.C.","Robert M.","John P. Tully","2009-06-14 16:49:19","2009-06-14 16:49:19",0,P26,49.99867,-145.00300,CTD,Cruise_Data/2009/2009-009/CTD/2009-009-0073.ctd,www.waterproperties.ca/osd_data_archive/Cruise_Data/2009/2009-009/CTD/2009-009-0073.ctd,www.waterproperties.ca/osd_data_archive/netCDF_Data/CTD/2009-009-0073.ctd.nc
2009-009,"IOS, Ocean Sciences Division, Sidney, B.C.","Robert M.","John P. Tully","2009-06-15 08:53:58","2009-06-15 08:53:58",0,P26,50.00050,-144.99983,CTD,Cruise_Data/2009/2009-009/CTD/2009-009-0082.ctd,www.waterproperties.ca/osd_data_archive/Cruise_Data/2009/2009-009/CTD/2009-009-0082.ctd,www.waterproperties.ca/osd_data_archive/netCDF_Data/CTD/2009-009-0082.ctd.nc
2009-009,"IOS, Ocean Sciences Division, Sidney, B.C.","Robert M.","John P. Tully","2009-06-14 22:17:14","2009-06-14 22:17:14",0,P26,49.99933,-144.99967,CTD,Cruise_Data/2009/2009-009/CTD/2009-009-0076.ctd,www.waterproperties.ca/osd_data_archive/Cruise_Data/2009/2009-009/CTD/2009-009-0076.ctd,www.waterproperties.ca/osd_data_archive/netCDF_Data/CTD/2009-009-0076.ctd.nc
2009-009,"IOS, Ocean Sciences Division, Sidney, B.C.","Robert M.","John P. Tully","2009-06-14 20:15:25","2009-06-14 20:15:25",0,P26,49.99883,-145.00067,CTD,Cruise_Data/2009/2009-009/CTD/2009-009-0075.ctd,www.waterproperties.ca/osd_data_archive/Cruise_Data/2009/2009-009/CTD/2009-009-0075.ctd,www.waterproperties.ca/osd_data_archive/netCDF_Data/CTD/2009-009-0075.ctd.nc
2009-009,"IOS, Ocean Sciences Division, Sidney, B.C.","Robert M.","John P. Tully","2009-06-15 07:06:48","2009-06-15 07:06:48",0,P26,50.00000,-145.00133,CTD,Cruise_Data/2009/2009-009/CTD/2009-009-0081.ctd,www.waterproperties.ca/osd_data_archive/Cruise_Data/2009/2009-009/CTD/2009-009-0081.ctd,www.waterproperties.ca/osd_data_archive/netCDF_Data/CTD/2009-009-0081.ctd.nc
2009-009,"IOS, Ocean Sciences Division, Sidney, B.C.","Robert M.","John P. Tully","2009-06-15 05:02:46","2009-06-15 05:02:46",0,P26,49.99950,-145.00100,CTD,Cruise_Data/2009/2009-009/CTD/2009-009-0080.ctd,www.waterproperties.ca/osd_data_archive/Cruise_Data/2009/2009-009/CTD/2009-009-0080.ctd,www.waterproperties.ca/osd_data_archive/netCDF_Data/CTD/2009-009-0080.ctd.nc
2009-010,"IOS, Ocean Sciences Division, Sidney, B.C.","Robert M.","John P. Tully","2009-08-28 00:34:56","2009-08-28 00:34:56",0,P26,49.99983,-144.99983,CTD,Cruise_Data/2009/2009-010/CTD/2009-010-0049.ctd,www.waterproperties.ca/osd_data_archive/Cruise_Data/2009/2009-010/CTD/2009-010-0049.ctd,www.waterproperties.ca/osd_data_archive/netCDF_Data/CTD/2009-010-0049.ctd.nc
2009-010,"IOS, Ocean Sciences Division, Sidney, B.C.","Robert M.","John P. Tully","2009-08-27 17:53:54","2009-08-27 17:53:54",0,P26,49.99983,-145.00033,CTD,Cruise_Data/2009/2009-010/CTD/2009-010-0046.ctd,www.waterproperties.ca/osd_data_archive/Cruise_Data/2009/2009-010/CTD/2009-010-0046.ctd,www.waterproperties.ca/osd_data_archive/netCDF_Data/CTD/2009-010-0046.ctd.nc
2009-010,"IOS, Ocean Sciences Division, Sidney, B.C.","Robert M.","John P. Tully","2009-08-28 03:28:12","2009-08-28 03:28:12",0,P26,50.00100,-145.00033,CTD,Cruise_Data/2009/2009-010/CTD/2009-010-0051.ctd,www.waterproperties.ca/osd_data_archive/Cruise_Data/2009/2009-010/CTD/2009-010-0051.ctd,www.waterproperties.ca/osd_data_archive/netCDF_Data/CTD/2009-010-0051.ctd.nc
2009-010,"IOS, Ocean Sciences Division, Sidney, B.C.","Robert M.","John P. Tully","2009-08-27 22:16:56","2009-08-27 22:16:56",0,P26,50.00000,-144.99833,CTD,Cruise_Data/2009/2009-010/CTD/2009-010-0048.ctd,www.waterproperties.ca/osd_data_archive/Cruise_Data/2009/2009-010/CTD/2009-010-0048.ctd,www.waterproperties.ca/osd_data_archive/netCDF_Data/CTD/2009-010-0048.ctd.nc
2009-010,"IOS, Ocean Sciences Division, Sidney, B.C.","Robert M.","John P. Tully","2009-08-27 13:16:24","2009-08-27 13:16:24",0,P26,49.99950,-145.00233,CTD,Cruise_Data/2009/2009-010/CTD/2009-010-0044.ctd,www.waterproperties.ca/osd_data_archive/Cruise_Data/2009/2009-010/CTD/2009-010-0044.ctd,www.waterproperties.ca/osd_data_archive/netCDF_Data/CTD/2009-010-0044.ctd.nc
2009-010,"IOS, Ocean Sciences Division, Sidney, B.C.","Robert M.","John P. Tully","2009-08-27 19:57:04","2009-08-27 19:57:04",0,P26,50.00017,-144.99800,CTD,Cruise_Data/2009/2009-010/CTD/2009-010-0047.ctd,www.waterproperties.ca/osd_data_archive/Cruise_Data/2009/2009-010/CTD/2009-010-0047.ctd,www.waterproperties.ca/osd_data_archive/netCDF_Data/CTD/2009-010-0047.ctd.nc
2015-001,"IOS, Ocean Sciences Division, Sidney, B.C.","Robert M.","John P. Tully","2015-02-18 21:48:56","2015-02-18 21:48:56",0,P26,50.00033,-144.99950,CTD,Cruise_Data/2015/2015-001/CTD/2015-001-0091.ctd,www.waterproperties.ca/osd_data_archive/Cruise_Data/2015/2015-001/CTD/2015-001-0091.ctd,www.waterproperties.ca/osd_data_archive/netCDF_Data/CTD/2015-001-0091.ctd.nc
2015-001,"IOS, Ocean Sciences Division, Sidney, B.C.","Robert M.","John P. Tully","2015-02-18 18:12:26","2015-02-18 18:12:26",0,P26,49.99983,-145.00033,CTD,Cruise_Data/2015/2015-001/CTD/2015-001-0089.ctd,www.waterproperties.ca/osd_data_archive/Cruise_Data/2015/2015-001/CTD/2015-001-0089.ctd,www.waterproperties.ca/osd_data_archive/netCDF_Data/CTD/2015-001-0089.ctd.nc
2015-001,"IOS, Ocean Sciences Division, Sidney, B.C.","Robert M.","John P. Tully","2015-02-19 06:52:35","2015-02-19 06:52:35",0,P26,49.99983,-145.00000,CTD,Cruise_Data/2015/2015-001/CTD/2015-001-0095.ctd,www.waterproperties.ca/osd_data_archive/Cruise_Data/2015/2015-001/CTD/2015-001-0095.ctd,www.waterproperties.ca/osd_data_archive/netCDF_Data/CTD/2015-001-0095.ctd.nc
2015-001,"IOS, Ocean Sciences Division, Sidney, B.C.","Robert M.","John P. Tully","2015-02-18 13:23:40","2015-02-18 13:23:40",0,P26,49.99983,-144.99967,CTD,Cruise_Data/2015/2015-001/CTD/2015-001-0087.ctd,www.waterproperties.ca/osd_data_archive/Cruise_Data/2015/2015-001/CTD/2015-001-0087.ctd,www.waterproperties.ca/osd_data_archive/netCDF_Data/CTD/2015-001-0087.ctd.nc
2015-001,"IOS, Ocean Sciences Division, Sidney, B.C.","Robert M.","John P. Tully","2015-02-19 15:29:57","2015-02-19 15:29:57",0,P26,49.99983,-145.00000,CTD,Cruise_Data/2015/2015-001/CTD/2015-001-0101.ctd,www.waterproperties.ca/osd_data_archive/Cruise_Data/2015/2015-001/CTD/2015-001-0101.ctd,www.waterproperties.ca/osd_data_archive/netCDF_Data/CTD/2015-001-0101.ctd.nc
2015-001,"IOS, Ocean Sciences Division, Sidney, B.C.","Robert M.","John P. Tully","2015-02-18 10:14:00","2015-02-18 10:14:00",0,P26,49.99983,-144.99950,CTD,Cruise_Data/2015/2015-001/CTD/2015-001-0086.ctd,www.waterproperties.ca/osd_data_archive/Cruise_Data/2015/2015-001/CTD/2015-001-0086.ctd,www.waterproperties.ca/osd_data_archive/netCDF_Data/CTD/2015-001-0086.ctd.nc
2015-001,"IOS, Ocean Sciences Division, Sidney, B.C.","Robert M.","John P. Tully","2015-02-18 22:45:41","2015-02-18 22:45:41",0,P26,49.99983,-144.99983,CTD,Cruise_Data/2015/2015-001/CTD/2015-001-0093.ctd,www.waterproperties.ca/osd_data_archive/Cruise_Data/2015/2015-001/CTD/2015-001-0093.ctd,www.waterproperties.ca/osd_data_archive/netCDF_Data/CTD/2015-001-0093.ctd.nc
2015-001,"IOS, Ocean Sciences Division, Sidney, B.C.","Robert M.","John P. Tully","2015-02-19 10:20:23","2015-02-19 10:20:23",0,P26,49.99983,-145.00000,CTD,Cruise_Data/2015/2015-001/CTD/2015-001-0098.ctd,www.waterproperties.ca/osd_data_archive/Cruise_Data/2015/2015-001/CTD/2015-001-0098.ctd,www.waterproperties.ca/osd_data_archive/netCDF_Data/CTD/2015-001-0098.ctd.nc
2015-009,"IOS, Ocean Sciences Division, Sidney, B.C.","Robert M.","John P. Tully","2015-06-17 04:56:03","2015-06-17 04:56:03",0,P26,49.99983,-144.99967,CTD,Cruise_Data/2015/2015-009/CTD/2015-009-0087.ctd,www.waterproperties.ca/osd_data_archive/Cruise_Data/2015/2015-009/CTD/2015-009-0087.ctd,www.waterproperties.ca/osd_data_archive/netCDF_Data/CTD/2015-009-0087.ctd.nc
2015-009,"IOS, Ocean Sciences Division, Sidney, B.C.","Robert M.","John P. Tully","2015-06-16 23:45:03","2015-06-16 23:45:03",0,P26,49.99983,-144.99967,CTD,Cruise_Data/2015/2015-009/CTD/2015-009-0085.ctd,www.waterproperties.ca/osd_data_archive/Cruise_Data/2015/2015-009/CTD/2015-009-0085.ctd,www.waterproperties.ca/osd_data_archive/netCDF_Data/CTD/2015-009-0085.ctd.nc
2015-009,"IOS, Ocean Sciences Division, Sidney, B.C.","Robert M.","John P. Tully","2015-06-17 02:32:05","2015-06-17 02:32:05",0,P26,49.99983,-144.99967,CTD,Cruise_Data/2015/2015-009/CTD/2015-009-0086.ctd,www.waterproperties.ca/osd_data_archive/Cruise_Data/2015/2015-009/CTD/2015-009-0086.ctd,www.waterproperties.ca/osd_data_archive/netCDF_Data/CTD/2015-009-0086.ctd.nc
2015-009,"IOS, Ocean Sciences Division, Sidney, B.C.","Robert M.","John P. Tully","2015-06-17 15:16:02","2015-06-17 15:16:02",0,P26,49.99983,-144.99883,CTD,Cruise_Data/2015/2015-009/CTD/2015-009-0091.ctd,www.waterproperties.ca/osd_data_archive/Cruise_Data/2015/2015-009/CTD/2015-009-0091.ctd,www.waterproperties.ca/osd_data_archive/netCDF_Data/CTD/2015-009-0091.ctd.nc
2015-009,"IOS, Ocean Sciences Division, Sidney, B.C.","Robert M.","John P. Tully","2015-06-16 02:18:20","2015-06-16 02:18:20",0,P26,49.99983,-144.99983,CTD,Cruise_Data/2015/2015-009/CTD/2015-009-0078.ctd,www.waterproperties.ca/osd_data_archive/Cruise_Data/2015/2015-009/CTD/2015-009-0078.ctd,www.waterproperties.ca/osd_data_archive/netCDF_Data/CTD/2015-009-0078.ctd.nc
2015-009,"IOS, Ocean Sciences Division, Sidney, B.C.","Robert M.","John P. Tully","2015-06-16 23:12:33","2015-06-16 23:12:33",0,P26,50.00017,-144.99883,CTD,Cruise_Data/2015/2015-009/CTD/2015-009-0084.ctd,www.waterproperties.ca/osd_data_archive/Cruise_Data/2015/2015-009/CTD/2015-009-0084.ctd,www.waterproperties.ca/osd_data_archive/netCDF_Data/CTD/2015-009-0084.ctd.nc
2015-009,"IOS, Ocean Sciences Division, Sidney, B.C.","Robert M.","John P. Tully","2015-06-16 06:48:52","2015-06-16 06:48:52",0,P26,50.00017,-144.99817,CTD,Cruise_Data/2015/2015-009/CTD/2015-009-0079.ctd,www.waterproperties.ca/osd_data_archive/Cruise_Data/2015/2015-009/CTD/2015-009-0079.ctd,www.waterproperties.ca/osd_data_archive/netCDF_Data/CTD/2015-009-0079.ctd.nc
2015-009,"IOS, Ocean Sciences Division, Sidney, B.C.","Robert M.","John P. Tully","2015-06-17 10:58:24","2015-06-17 10:58:24",0,P26,49.99950,-145.00000,CTD,Cruise_Data/2015/2015-009/CTD/2015-009-0089.ctd,www.waterproperties.ca/osd_data_archive/Cruise_Data/2015/2015-009/CTD/2015-009-0089.ctd,www.waterproperties.ca/osd_data_archive/netCDF_Data/CTD/2015-009-0089.ctd.nc
2015-009,"IOS, Ocean Sciences Division, Sidney, B.C.","Robert M.","John P. Tully","2015-06-16 01:57:09","2015-06-16 01:57:09",0,P26,49.99967,-145.00050,CTD,Cruise_Data/2015/2015-009/CTD/2015-009-0077.ctd,www.waterproperties.ca/osd_data_archive/Cruise_Data/2015/2015-009/CTD/2015-009-0077.ctd,www.waterproperties.ca/osd_data_archive/netCDF_Data/CTD/2015-009-0077.ctd.nc
2015-009,"IOS, Ocean Sciences Division, Sidney, B.C.","Robert M.","John P. Tully","2015-06-17 20:57:48","2015-06-17 20:57:48",0,P26,49.99883,-144.99933,CTD,Cruise_Data/2015/2015-009/CTD/2015-009-0094.ctd,www.waterproperties.ca/osd_data_archive/Cruise_Data/2015/2015-009/CTD/2015-009-0094.ctd,www.waterproperties.ca/osd_data_archive/netCDF_Data/CTD/2015-009-0094.ctd.nc
2015-010,"IOS, Ocean Sciences Division, Sidney, B.C.","Robert M.","John P. Tully","2015-08-28 19:38:23","2015-08-28 19:38:23",0,P26,50.00100,-144.99950,CTD,Cruise_Data/2015/2015-010/CTD/2015-010-0102.ctd,www.waterproperties.ca/osd_data_archive/Cruise_Data/2015/2015-010/CTD/2015-010-0102.ctd,www.waterproperties.ca/osd_data_archive/netCDF_Data/CTD/2015-010-0102.ctd.nc
2015-010,"IOS, Ocean Sciences Division, Sidney, B.C.","Robert M.","John P. Tully","2015-08-28 13:56:53","2015-08-28 13:56:53",0,P26,49.99983,-145.00083,CTD,Cruise_Data/2015/2015-010/CTD/2015-010-0099.ctd,www.waterproperties.ca/osd_data_archive/Cruise_Data/2015/2015-010/CTD/2015-010-0099.ctd,www.waterproperties.ca/osd_data_archive/netCDF_Data/CTD/2015-010-0099.ctd.nc
2015-010,"IOS, Ocean Sciences Division, Sidney, B.C.","Robert M.","John P. Tully","2015-08-28 07:02:24","2015-08-28 07:02:24",0,P26,50.00050,-144.99883,CTD,Cruise_Data/2015/2015-010/CTD/2015-010-0092.ctd,www.waterproperties.ca/osd_data_archive/Cruise_Data/2015/2015-010/CTD/2015-010-0092.ctd,www.waterproperties.ca/osd_data_archive/netCDF_Data/CTD/2015-010-0092.ctd.nc
2015-010,"IOS, Ocean Sciences Division, Sidney, B.C.","Robert M.","John P. Tully","2015-08-28 18:51:28","2015-08-28 18:51:28",0,P26,49.99917,-145.00083,CTD,Cruise_Data/2015/2015-010/CTD/2015-010-0101.ctd,www.waterproperties.ca/osd_data_archive/Cruise_Data/2015/2015-010/CTD/2015-010-0101.ctd,www.waterproperties.ca/osd_data_archive/netCDF_Data/CTD/2015-010-0101.ctd.nc
2015-010,"IOS, Ocean Sciences Division, Sidney, B.C.","Robert M.","John P. Tully","2015-08-28 08:13:48","2015-08-28 08:13:48",0,P26,50.00000,-145.00117,CTD,Cruise_Data/2015/2015-010/CTD/2015-010-0094.ctd,www.waterproperties.ca/osd_data_archive/Cruise_Data/2015/2015-010/CTD/2015-010-0094.ctd,www.waterproperties.ca/osd_data_archive/netCDF_Data/CTD/2015-010-0094.ctd.nc
2015-010,"IOS, Ocean Sciences Division, Sidney, B.C.","Robert M.","John P. Tully","2015-08-28 20:55:46","2015-08-28 20:55:46",0,P26,50.00050,-145.00017,CTD,Cruise_Data/2015/2015-010/CTD/2015-010-0103.ctd,www.waterproperties.ca/osd_data_archive/Cruise_Data/2015/2015-010/CTD/2015-010-0103.ctd,www.waterproperties.ca/osd_data_archive/netCDF_Data/CTD/2015-010-0103.ctd.nc
2015-010,"IOS, Ocean Sciences Division, Sidney, B.C.","Robert M.","John P. Tully","2015-08-28 12:12:57","2015-08-28 12:12:57",0,P26,50.00017,-144.99850,CTD,Cruise_Data/2015/2015-010/CTD/2015-010-0098.ctd,www.waterproperties.ca/osd_data_archive/Cruise_Data/2015/2015-010/CTD/2015-010-0098.ctd,www.waterproperties.ca/osd_data_archive/netCDF_Data/CTD/2015-010-0098.ctd.nc
2012-012,"IOS, Ocean Sciences Division, Sidney, B.C.","Robert M.","John P. Tully","2012-06-03 04:12:39","2012-06-03 04:12:39",0,P26,50.00033,-144.99850,CTD,Cruise_Data/2012/2012-012/CTD/2012-012-0089.ctd,www.waterproperties.ca/osd_data_archive/Cruise_Data/2012/2012-012/CTD/2012-012-0089.ctd,www.waterproperties.ca/osd_data_archive/netCDF_Data/CTD/2012-012-0089.ctd.nc
2012-012,"IOS, Ocean Sciences Division, Sidney, B.C.","Robert M.","John P. Tully","2012-06-04 12:38:48","2012-06-04 12:38:48",0,P26,50.00033,-145.00050,CTD,Cruise_Data/2012/2012-012/CTD/2012-012-0100.ctd,www.waterproperties.ca/osd_data_archive/Cruise_Data/2012/2012-012/CTD/2012-012-0100.ctd,www.waterproperties.ca/osd_data_archive/netCDF_Data/CTD/2012-012-0100.ctd.nc
2012-012,"IOS, Ocean Sciences Division, Sidney, B.C.","Robert M.","John P. Tully","2012-06-03 12:44:26","2012-06-03 12:44:26",0,P26,49.99567,-144.86050,CTD,Cruise_Data/2012/2012-012/CTD/2012-012-0093.ctd,www.waterproperties.ca/osd_data_archive/Cruise_Data/2012/2012-012/CTD/2012-012-0093.ctd,www.waterproperties.ca/osd_data_archive/netCDF_Data/CTD/2012-012-0093.ctd.nc
2012-012,"IOS, Ocean Sciences Division, Sidney, B.C.","Robert M.","John P. Tully","2012-06-04 03:33:27","2012-06-04 03:33:27",0,P26,49.99967,-144.99933,CTD,Cruise_Data/2012/2012-012/CTD/2012-012-0098.ctd,www.waterproperties.ca/osd_data_archive/Cruise_Data/2012/2012-012/CTD/2012-012-0098.ctd,www.waterproperties.ca/osd_data_archive/netCDF_Data/CTD/2012-012-0098.ctd.nc
2012-012,"IOS, Ocean Sciences Division, Sidney, B.C.","Robert M.","John P. Tully","2012-06-04 11:33:27","2012-06-04 11:33:27",0,P26,49.99983,-144.99950,CTD,Cruise_Data/2012/2012-012/CTD/2012-012-0099.ctd,www.waterproperties.ca/osd_data_archive/Cruise_Data/2012/2012-012/CTD/2012-012-0099.ctd,www.waterproperties.ca/osd_data_archive/netCDF_Data/CTD/2012-012-0099.ctd.nc
2012-012,"IOS, Ocean Sciences Division, Sidney, B.C.","Robert M.","John P. Tully","2012-06-02 00:17:02","2012-06-02 00:17:02",0,P26,50.00050,-144.99833,CTD,Cruise_Data/2012/2012-012/CTD/2012-012-0078.ctd,www.waterproperties.ca/osd_data_archive/Cruise_Data/2012/2012-012/CTD/2012-012-0078.ctd,www.waterproperties.ca/osd_data_archive/netCDF_Data/CTD/2012-012-0078.ctd.nc
2012-012,"IOS, Ocean Sciences Division, Sidney, B.C.","Robert M.","John P. Tully","2012-06-02 08:28:19","2012-06-02 08:28:19",0,P26,50.00050,-144.99933,CTD,Cruise_Data/2012/2012-012/CTD/2012-012-0081.ctd,www.waterproperties.ca/osd_data_archive/Cruise_Data/2012/2012-012/CTD/2012-012-0081.ctd,www.waterproperties.ca/osd_data_archive/netCDF_Data/CTD/2012-012-0081.ctd.nc
2012-013,"IOS, Ocean Sciences Division, Sidney, B.C.","Robert M.","John P. Tully","2012-08-25 10:46:14","2012-08-25 10:46:14",0,P26,49.99817,-144.99917,CTD,Cruise_Data/2012/2012-013/CTD/2012-013-0077.ctd,www.waterproperties.ca/osd_data_archive/Cruise_Data/2012/2012-013/CTD/2012-013-0077.ctd,www.waterproperties.ca/osd_data_archive/netCDF_Data/CTD/2012-013-0077.ctd.nc
2012-013,"IOS, Ocean Sciences Division, Sidney, B.C.","Robert M.","John P. Tully","2012-08-24 12:49:02","2012-08-24 12:49:02",0,P26,50.00400,-144.87150,CTD,Cruise_Data/2012/2012-013/CTD/2012-013-0066.ctd,www.waterproperties.ca/osd_data_archive/Cruise_Data/2012/2012-013/CTD/2012-013-0066.ctd,www.waterproperties.ca/osd_data_archive/netCDF_Data/CTD/2012-013-0066.ctd.nc
2012-013,"IOS, Ocean Sciences Division, Sidney, B.C.","Robert M.","John P. Tully","2012-08-25 16:07:27","2012-08-25 16:07:27",0,P26,50.00000,-144.99933,CTD,Cruise_Data/2012/2012-013/CTD/2012-013-0079.ctd,www.waterproperties.ca/osd_data_archive/Cruise_Data/2012/2012-013/CTD/2012-013-0079.ctd,www.waterproperties.ca/osd_data_archive/netCDF_Data/CTD/2012-013-0079.ctd.nc
2012-013,"IOS, Ocean Sciences Division, Sidney, B.C.","Robert M.","John P. Tully","2012-08-24 18:45:01","2012-08-24 18:45:01",0,P26,50.00100,-145.00150,CTD,Cruise_Data/2012/2012-013/CTD/2012-013-0069.ctd,www.waterproperties.ca/osd_data_archive/Cruise_Data/2012/2012-013/CTD/2012-013-0069.ctd,www.waterproperties.ca/osd_data_archive/netCDF_Data/CTD/2012-013-0069.ctd.nc
2012-013,"IOS, Ocean Sciences Division, Sidney, B.C.","Robert M.","John P. Tully","2012-08-24 19:32:37","2012-08-24 19:32:37",0,P26,50.00267,-145.00267,CTD,Cruise_Data/2012/2012-013/CTD/2012-013-0070.ctd,www.waterproperties.ca/osd_data_archive/Cruise_Data/2012/2012-013/CTD/2012-013-0070.ctd,www.waterproperties.ca/osd_data_archive/netCDF_Data/CTD/2012-013-0070.ctd.nc
2012-013,"IOS, Ocean Sciences Division, Sidney, B.C.","Robert M.","John P. Tully","2012-08-25 05:37:44","2012-08-25 05:37:44",0,P26,49.99883,-144.99733,CTD,Cruise_Data/2012/2012-013/CTD/2012-013-0076.ctd,www.waterproperties.ca/osd_data_archive/Cruise_Data/2012/2012-013/CTD/2012-013-0076.ctd,www.waterproperties.ca/osd_data_archive/netCDF_Data/CTD/2012-013-0076.ctd.nc
2012-001,"IOS, Ocean Sciences Division, Sidney, B.C.","Robert M.","John P. Tully","2012-02-15 08:36:52","2012-02-15 08:36:52",0,P26,50.00000,-145.00167,CTD,Cruise_Data/2012/2012-001/CTD/2012-001-0038.ctd,www.waterproperties.ca/osd_data_archive/Cruise_Data/2012/2012-001/CTD/2012-001-0038.ctd,www.waterproperties.ca/osd_data_archive/netCDF_Data/CTD/2012-001-0038.ctd.nc
2012-001,"IOS, Ocean Sciences Division, Sidney, B.C.","Robert M.","John P. Tully","2012-02-15 16:20:13","2012-02-15 16:20:13",0,P26,49.99950,-144.99900,CTD,Cruise_Data/2012/2012-001/CTD/2012-001-0046.ctd,www.waterproperties.ca/osd_data_archive/Cruise_Data/2012/2012-001/CTD/2012-001-0046.ctd,www.waterproperties.ca/osd_data_archive/netCDF_Data/CTD/2012-001-0046.ctd.nc
2012-001,"IOS, Ocean Sciences Division, Sidney, B.C.","Robert M.","John P. Tully","2012-02-15 19:50:52","2012-02-15 19:50:52",0,P26,50.00050,-145.00033,CTD,Cruise_Data/2012/2012-001/CTD/2012-001-0050.ctd,www.waterproperties.ca/osd_data_archive/Cruise_Data/2012/2012-001/CTD/2012-001-0050.ctd,www.waterproperties.ca/osd_data_archive/netCDF_Data/CTD/2012-001-0050.ctd.nc
2012-001,"IOS, Ocean Sciences Division, Sidney, B.C.","Robert M.","John P. Tully","2012-02-15 14:48:10","2012-02-15 14:48:10",0,P26,49.99983,-144.99967,CTD,Cruise_Data/2012/2012-001/CTD/2012-001-0044.ctd,www.waterproperties.ca/osd_data_archive/Cruise_Data/2012/2012-001/CTD/2012-001-0044.ctd,www.waterproperties.ca/osd_data_archive/netCDF_Data/CTD/2012-001-0044.ctd.nc
2012-001,"IOS, Ocean Sciences Division, Sidney, B.C.","Robert M.","John P. Tully","2012-02-15 11:57:06","2012-02-15 11:57:06",0,P26,50.00067,-145.00050,CTD,Cruise_Data/2012/2012-001/CTD/2012-001-0040.ctd,www.waterproperties.ca/osd_data_archive/Cruise_Data/2012/2012-001/CTD/2012-001-0040.ctd,www.waterproperties.ca/osd_data_archive/netCDF_Data/CTD/2012-001-0040.ctd.nc
2012-001,"IOS, Ocean Sciences Division, Sidney, B.C.","Robert M.","John P. Tully","2012-02-15 18:48:42","2012-02-15 18:48:42",0,P26,50.00033,-144.99967,CTD,Cruise_Data/2012/2012-001/CTD/2012-001-0049.ctd,www.waterproperties.ca/osd_data_archive/Cruise_Data/2012/2012-001/CTD/2012-001-0049.ctd,www.waterproperties.ca/osd_data_archive/netCDF_Data/CTD/2012-001-0049.ctd.nc
2013-017,"IOS, Ocean Sciences Division, Sidney, B.C.","Robert M.","John P. Tully","2013-06-16 15:49:08","2013-06-16 15:49:08",0,P26,49.99917,-145.00250,CTD,Cruise_Data/2013/2013-017/CTD/2013-017-0082.ctd,www.waterproperties.ca/osd_data_archive/Cruise_Data/2013/2013-017/CTD/2013-017-0082.ctd,www.waterproperties.ca/osd_data_archive/netCDF_Data/CTD/2013-017-0082.ctd.nc
2013-017,"IOS, Ocean Sciences Division, Sidney, B.C.","Robert M.","John P. Tully","2013-06-16 20:47:00","2013-06-16 20:47:00",0,P26,50.00200,-145.00033,CTD,Cruise_Data/2013/2013-017/CTD/2013-017-0084.ctd,www.waterproperties.ca/osd_data_archive/Cruise_Data/2013/2013-017/CTD/2013-017-0084.ctd,www.waterproperties.ca/osd_data_archive/netCDF_Data/CTD/2013-017-0084.ctd.nc
2013-017,"IOS, Ocean Sciences Division, Sidney, B.C.","Robert M.","John P. Tully","2013-06-19 16:01:52","2013-06-19 16:01:52",0,P26,50.00067,-144.99917,CTD,Cruise_Data/2013/2013-017/CTD/2013-017-0099.ctd,www.waterproperties.ca/osd_data_archive/Cruise_Data/2013/2013-017/CTD/2013-017-0099.ctd,www.waterproperties.ca/osd_data_archive/netCDF_Data/CTD/2013-017-0099.ctd.nc
2013-017,"IOS, Ocean Sciences Division, Sidney, B.C.","Robert M.","John P. Tully","2013-06-19 14:38:00","2013-06-19 14:38:00",0,P26,50.00000,-144.99900,CTD,Cruise_Data/2013/2013-017/CTD/2013-017-0098.ctd,www.waterproperties.ca/osd_data_archive/Cruise_Data/2013/2013-017/CTD/2013-017-0098.ctd,www.waterproperties.ca/osd_data_archive/netCDF_Data/CTD/2013-017-0098.ctd.nc
2013-017,"IOS, Ocean Sciences Division, Sidney, B.C.","Robert M.","John P. Tully","2013-06-16 14:33:04","2013-06-16 14:33:04",0,P26,49.99933,-145.00267,CTD,Cruise_Data/2013/2013-017/CTD/2013-017-0081.ctd,www.waterproperties.ca/osd_data_archive/Cruise_Data/2013/2013-017/CTD/2013-017-0081.ctd,www.waterproperties.ca/osd_data_archive/netCDF_Data/CTD/2013-017-0081.ctd.nc
2013-017,"IOS, Ocean Sciences Division, Sidney, B.C.","Robert M.","John P. Tully","2013-06-16 13:51:17","2013-06-16 13:51:17",0,P26,49.99850,-145.00250,CTD,Cruise_Data/2013/2013-017/CTD/2013-017-0080.ctd,www.waterproperties.ca/osd_data_archive/Cruise_Data/2013/2013-017/CTD/2013-017-0080.ctd,www.waterproperties.ca/osd_data_archive/netCDF_Data/CTD/2013-017-0080.ctd.nc
2013-017,"IOS, Ocean Sciences Division, Sidney, B.C.","Robert M.","John P. Tully","2013-06-18 03:02:31","2013-06-18 03:02:31",0,P26,50.00017,-144.99867,CTD,Cruise_Data/2013/2013-017/CTD/2013-017-0091.ctd,www.waterproperties.ca/osd_data_archive/Cruise_Data/2013/2013-017/CTD/2013-017-0091.ctd,www.waterproperties.ca/osd_data_archive/netCDF_Data/CTD/2013-017-0091.ctd.nc
2013-017,"IOS, Ocean Sciences Division, Sidney, B.C.","Robert M.","John P. Tully","2013-06-16 22:44:33","2013-06-16 22:44:33",0,P26,50.00050,-144.99867,CTD,Cruise_Data/2013/2013-017/CTD/2013-017-0085.ctd,www.waterproperties.ca/osd_data_archive/Cruise_Data/2013/2013-017/CTD/2013-017-0085.ctd,www.waterproperties.ca/osd_data_archive/netCDF_Data/CTD/2013-017-0085.ctd.nc
2013-017,"IOS, Ocean Sciences Division, Sidney, B.C.","Robert M.","John P. Tully","2013-06-18 06:56:44","2013-06-18 06:56:44",0,P26,50.00050,-144.99983,CTD,Cruise_Data/2013/2013-017/CTD/2013-017-0092.ctd,www.waterproperties.ca/osd_data_archive/Cruise_Data/2013/2013-017/CTD/2013-017-0092.ctd,www.waterproperties.ca/osd_data_archive/netCDF_Data/CTD/2013-017-0092.ctd.nc
2013-017,"IOS, Ocean Sciences Division, Sidney, B.C.","Robert M.","John P. Tully","2013-06-17 14:33:31","2013-06-17 14:33:31",0,P26,49.99950,-144.99750,CTD,Cruise_Data/2013/2013-017/CTD/2013-017-0087.ctd,www.waterproperties.ca/osd_data_archive/Cruise_Data/2013/2013-017/CTD/2013-017-0087.ctd,www.waterproperties.ca/osd_data_archive/netCDF_Data/CTD/2013-017-0087.ctd.nc
2013-017,"IOS, Ocean Sciences Division, Sidney, B.C.","Robert M.","John P. Tully","2013-06-17 01:41:11","2013-06-17 01:41:11",0,P26,50.00067,-144.99983,CTD,Cruise_Data/2013/2013-017/CTD/2013-017-0086.ctd,www.waterproperties.ca/osd_data_archive/Cruise_Data/2013/2013-017/CTD/2013-017-0086.ctd,www.waterproperties.ca/osd_data_archive/netCDF_Data/CTD/2013-017-0086.ctd.nc
2013-001,"IOS, Ocean Sciences Division, Sidney, B.C.","Robert M.","John P. Tully","2013-02-12 19:27:47","2013-02-12 19:27:47",0,P26,49.99983,-145.00033,CTD,Cruise_Data/2013/2013-001/CTD/2013-001-0041.ctd,www.waterproperties.ca/osd_data_archive/Cruise_Data/2013/2013-001/CTD/2013-001-0041.ctd,www.waterproperties.ca/osd_data_archive/netCDF_Data/CTD/2013-001-0041.ctd.nc
2013-001,"IOS, Ocean Sciences Division, Sidney, B.C.","Robert M.","John P. Tully","2013-02-13 06:29:41","2013-02-13 06:29:41",0,P26,50.00033,-144.99983,CTD,Cruise_Data/2013/2013-001/CTD/2013-001-0052.ctd,www.waterproperties.ca/osd_data_archive/Cruise_Data/2013/2013-001/CTD/2013-001-0052.ctd,www.waterproperties.ca/osd_data_archive/netCDF_Data/CTD/2013-001-0052.ctd.nc
2013-001,"IOS, Ocean Sciences Division, Sidney, B.C.","Robert M.","John P. Tully","2013-02-12 20:31:14","2013-02-12 20:31:14",0,P26,50.00017,-144.99983,CTD,Cruise_Data/2013/2013-001/CTD/2013-001-0042.ctd,www.waterproperties.ca/osd_data_archive/Cruise_Data/2013/2013-001/CTD/2013-001-0042.ctd,www.waterproperties.ca/osd_data_archive/netCDF_Data/CTD/2013-001-0042.ctd.nc
2013-018,"IOS, Ocean Sciences Division, Sidney, B.C.","Robert M.","John P. Tully","2013-08-30 23:12:03","2013-08-30 23:12:03",0,P26,50.00033,-144.99883,CTD,Cruise_Data/2013/2013-018/CTD/2013-018-0077.ctd,www.waterproperties.ca/osd_data_archive/Cruise_Data/2013/2013-018/CTD/2013-018-0077.ctd,www.waterproperties.ca/osd_data_archive/netCDF_Data/CTD/2013-018-0077.ctd.nc
2013-018,"IOS, Ocean Sciences Division, Sidney, B.C.","Robert M.","John P. Tully","2013-08-31 17:02:49","2013-08-31 17:02:49",0,P26,49.99900,-144.99983,CTD,Cruise_Data/2013/2013-018/CTD/2013-018-0085.ctd,www.waterproperties.ca/osd_data_archive/Cruise_Data/2013/2013-018/CTD/2013-018-0085.ctd,www.waterproperties.ca/osd_data_archive/netCDF_Data/CTD/2013-018-0085.ctd.nc
2013-018,"IOS, Ocean Sciences Division, Sidney, B.C.","Robert M.","John P. Tully","2013-08-31 03:10:09","2013-08-31 03:10:09",0,P26,49.99850,-144.99900,CTD,Cruise_Data/2013/2013-018/CTD/2013-018-0079.ctd,www.waterproperties.ca/osd_data_archive/Cruise_Data/2013/2013-018/CTD/2013-018-0079.ctd,www.waterproperties.ca/osd_data_archive/netCDF_Data/CTD/2013-018-0079.ctd.nc
2013-018,"IOS, Ocean Sciences Division, Sidney, B.C.","Robert M.","John P. Tully","2013-08-31 01:16:03","2013-08-31 01:16:03",0,P26,50.00117,-144.99833,CTD,Cruise_Data/2013/2013-018/CTD/2013-018-0078.ctd,www.waterproperties.ca/osd_data_archive/Cruise_Data/2013/2013-018/CTD/2013-018-0078.ctd,www.waterproperties.ca/osd_data_archive/netCDF_Data/CTD/2013-018-0078.ctd.nc
2013-018,"IOS, Ocean Sciences Division, Sidney, B.C.","Robert M.","John P. Tully","2013-08-31 11:33:42","2013-08-31 11:33:42",0,P26,50.00000,-145.00150,CTD,Cruise_Data/2013/2013-018/CTD/2013-018-0083.ctd,www.waterproperties.ca/osd_data_archive/Cruise_Data/2013/2013-018/CTD/2013-018-0083.ctd,www.waterproperties.ca/osd_data_archive/netCDF_Data/CTD/2013-018-0083.ctd.nc
2013-018,"IOS, Ocean Sciences Division, Sidney, B.C.","Robert M.","John P. Tully","2013-08-31 20:01:39","2013-08-31 20:01:39",0,P26,49.99967,-144.99933,CTD,Cruise_Data/2013/2013-018/CTD/2013-018-0089.ctd,www.waterproperties.ca/osd_data_archive/Cruise_Data/2013/2013-018/CTD/2013-018-0089.ctd,www.waterproperties.ca/osd_data_archive/netCDF_Data/CTD/2013-018-0089.ctd.nc
2016-001,"IOS, Ocean Sciences Division, Sidney, B.C.","Robert M.","John P. Tully","2016-02-16 08:19:31","2016-02-16 08:19:31",0,P26,49.99983,-145.00033,CTD,Cruise_Data/2016/2016-001/CTD/2016-001-0065.ctd,www.waterproperties.ca/osd_data_archive/Cruise_Data/2016/2016-001/CTD/2016-001-0065.ctd,www.waterproperties.ca/osd_data_archive/netCDF_Data/CTD/2016-001-0065.ctd.nc
2016-001,"IOS, Ocean Sciences Division, Sidney, B.C.","Robert M.","John P. Tully","2016-02-16 13:49:13","2016-02-16 13:49:13",0,P26,50.00000,-144.99833,CTD,Cruise_Data/2016/2016-001/CTD/2016-001-0067.ctd,www.waterproperties.ca/osd_data_archive/Cruise_Data/2016/2016-001/CTD/2016-001-0067.ctd,www.waterproperties.ca/osd_data_archive/netCDF_Data/CTD/2016-001-0067.ctd.nc
2016-001,"IOS, Ocean Sciences Division, Sidney, B.C.","Robert M.","John P. Tully","2016-02-16 17:17:09","2016-02-16 17:17:09",0,P26,49.99867,-144.99950,CTD,Cruise_Data/2016/2016-001/CTD/2016-001-0069.ctd,www.waterproperties.ca/osd_data_archive/Cruise_Data/2016/2016-001/CTD/2016-001-0069.ctd,www.waterproperties.ca/osd_data_archive/netCDF_Data/CTD/2016-001-0069.ctd.nc
2016-001,"IOS, Ocean Sciences Division, Sidney, B.C.","Robert M.","John P. Tully","2016-02-16 16:08:29","2016-02-16 16:08:29",0,P26,49.99983,-144.99883,CTD,Cruise_Data/2016/2016-001/CTD/2016-001-0068.ctd,www.waterproperties.ca/osd_data_archive/Cruise_Data/2016/2016-001/CTD/2016-001-0068.ctd,www.waterproperties.ca/osd_data_archive/netCDF_Data/CTD/2016-001-0068.ctd.nc
2016-001,"IOS, Ocean Sciences Division, Sidney, B.C.","Robert M.","John P. Tully","2016-02-16 09:14:35","2016-02-16 09:14:35",0,P26,49.99867,-145.00067,CTD,Cruise_Data/2016/2016-001/CTD/2016-001-0066.ctd,www.waterproperties.ca/osd_data_archive/Cruise_Data/2016/2016-001/CTD/2016-001-0066.ctd,www.waterproperties.ca/osd_data_archive/netCDF_Data/CTD/2016-001-0066.ctd.nc
2016-008,"IOS, Ocean Sciences Division, Sidney, B.C.","Robert M.","John P. Tully","2016-08-25 21:29:51","2016-08-25 21:29:51",0,P26,50.00067,-144.99917,CTD,Cruise_Data/2016/2016-008/CTD/2016-008-0085.ctd,www.waterproperties.ca/osd_data_archive/Cruise_Data/2016/2016-008/CTD/2016-008-0085.ctd,www.waterproperties.ca/osd_data_archive/netCDF_Data/CTD/2016-008-0085.ctd.nc
2016-008,"IOS, Ocean Sciences Division, Sidney, B.C.","Robert M.","John P. Tully","2016-08-27 02:03:48","2016-08-27 02:03:48",0,P26,49.99933,-145.00050,CTD,Cruise_Data/2016/2016-008/CTD/2016-008-0094.ctd,www.waterproperties.ca/osd_data_archive/Cruise_Data/2016/2016-008/CTD/2016-008-0094.ctd,www.waterproperties.ca/osd_data_archive/netCDF_Data/CTD/2016-008-0094.ctd.nc
2016-008,"IOS, Ocean Sciences Division, Sidney, B.C.","Robert M.","John P. Tully","2016-08-25 20:48:45","2016-08-25 20:48:45",0,P26,50.00150,-144.99783,CTD,Cruise_Data/2016/2016-008/CTD/2016-008-0084.ctd,www.waterproperties.ca/osd_data_archive/Cruise_Data/2016/2016-008/CTD/2016-008-0084.ctd,www.waterproperties.ca/osd_data_archive/netCDF_Data/CTD/2016-008-0084.ctd.nc
2016-008,"IOS, Ocean Sciences Division, Sidney, B.C.","Robert M.","John P. Tully","2016-08-26 06:31:43","2016-08-26 06:31:43",0,P26,49.99867,-145.00000,CTD,Cruise_Data/2016/2016-008/CTD/2016-008-0088.ctd,www.waterproperties.ca/osd_data_archive/Cruise_Data/2016/2016-008/CTD/2016-008-0088.ctd,www.waterproperties.ca/osd_data_archive/netCDF_Data/CTD/2016-008-0088.ctd.nc
2016-008,"IOS, Ocean Sciences Division, Sidney, B.C.","Robert M.","John P. Tully","2016-08-25 22:49:58","2016-08-25 22:49:58",0,P26,50.00000,-145.00000,CTD,Cruise_Data/2016/2016-008/CTD/2016-008-0086.ctd,www.waterproperties.ca/osd_data_archive/Cruise_Data/2016/2016-008/CTD/2016-008-0086.ctd,www.waterproperties.ca/osd_data_archive/netCDF_Data/CTD/2016-008-0086.ctd.nc
2016-008,"IOS, Ocean Sciences Division, Sidney, B.C.","Robert M.","John P. Tully","2016-08-26 11:59:38","2016-08-26 11:59:38",0,P26,49.99967,-145.00000,CTD,Cruise_Data/2016/2016-008/CTD/2016-008-0090.ctd,www.waterproperties.ca/osd_data_archive/Cruise_Data/2016/2016-008/CTD/2016-008-0090.ctd,www.waterproperties.ca/osd_data_archive/netCDF_Data/CTD/2016-008-0090.ctd.nc
2016-008,"IOS, Ocean Sciences Division, Sidney, B.C.","Robert M.","John P. Tully","2016-08-26 13:55:34","2016-08-26 13:55:34",0,P26,49.99933,-145.00217,CTD,Cruise_Data/2016/2016-008/CTD/2016-008-0091.ctd,www.waterproperties.ca/osd_data_archive/Cruise_Data/2016/2016-008/CTD/2016-008-0091.ctd,www.waterproperties.ca/osd_data_archive/netCDF_Data/CTD/2016-008-0091.ctd.nc
2016-006,"IOS, Ocean Sciences Division, Sidney, B.C.","Robert M.","John P. Tully","2016-06-13 23:42:59","2016-06-13 23:42:59",0,P26,50.00017,-145.00000,CTD,Cruise_Data/2016/2016-006/CTD/2016-006-0082.ctd,www.waterproperties.ca/osd_data_archive/Cruise_Data/2016/2016-006/CTD/2016-006-0082.ctd,www.waterproperties.ca/osd_data_archive/netCDF_Data/CTD/2016-006-0082.ctd.nc
2016-006,"IOS, Ocean Sciences Division, Sidney, B.C.","Robert M.","John P. Tully","2016-06-14 03:57:12","2016-06-14 03:57:12",0,P26,50.00017,-144.99883,CTD,Cruise_Data/2016/2016-006/CTD/2016-006-0083.ctd,www.waterproperties.ca/osd_data_archive/Cruise_Data/2016/2016-006/CTD/2016-006-0083.ctd,www.waterproperties.ca/osd_data_archive/netCDF_Data/CTD/2016-006-0083.ctd.nc
2016-006,"IOS, Ocean Sciences Division, Sidney, B.C.","Robert M.","John P. Tully","2016-06-13 22:32:28","2016-06-13 22:32:28",0,P26,50.00033,-144.99883,CTD,Cruise_Data/2016/2016-006/CTD/2016-006-0081.ctd,www.waterproperties.ca/osd_data_archive/Cruise_Data/2016/2016-006/CTD/2016-006-0081.ctd,www.waterproperties.ca/osd_data_archive/netCDF_Data/CTD/2016-006-0081.ctd.nc
2016-006,"IOS, Ocean Sciences Division, Sidney, B.C.","Robert M.","John P. Tully","2016-06-14 21:57:48","2016-06-14 21:57:48",0,P26,50.00033,-144.99983,CTD,Cruise_Data/2016/2016-006/CTD/2016-006-0093.ctd,www.waterproperties.ca/osd_data_archive/Cruise_Data/2016/2016-006/CTD/2016-006-0093.ctd,www.waterproperties.ca/osd_data_archive/netCDF_Data/CTD/2016-006-0093.ctd.nc
2016-006,"IOS, Ocean Sciences Division, Sidney, B.C.","Robert M.","John P. Tully","2016-06-14 11:05:05","2016-06-14 11:05:05",0,P26,50.00033,-144.99750,CTD,Cruise_Data/2016/2016-006/CTD/2016-006-0085.ctd,www.waterproperties.ca/osd_data_archive/Cruise_Data/2016/2016-006/CTD/2016-006-0085.ctd,www.waterproperties.ca/osd_data_archive/netCDF_Data/CTD/2016-006-0085.ctd.nc
2016-006,"IOS, Ocean Sciences Division, Sidney, B.C.","Robert M.","John P. Tully","2016-06-14 04:40:17","2016-06-14 04:40:17",0,P26,50.00000,-144.99917,CTD,Cruise_Data/2016/2016-006/CTD/2016-006-0084.ctd,www.waterproperties.ca/osd_data_archive/Cruise_Data/2016/2016-006/CTD/2016-006-0084.ctd,www.waterproperties.ca/osd_data_archive/netCDF_Data/CTD/2016-006-0084.ctd.nc
2011-027,"IOS, Ocean Sciences Division, Sidney, B.C.","Robert M.","John P. Tully","2011-08-26 16:22:35","2011-08-26 16:22:35",0,P26,49.99967,-144.99983,CTD,Cruise_Data/2011/2011-027/CTD/2011-027-0070.ctd,www.waterproperties.ca/osd_data_archive/Cruise_Data/2011/2011-027/CTD/2011-027-0070.ctd,www.waterproperties.ca/osd_data_archive/netCDF_Data/CTD/2011-027-0070.ctd.nc
2011-027,"IOS, Ocean Sciences Division, Sidney, B.C.","Robert M.","John P. Tully","2011-08-26 20:57:53","2011-08-26 20:57:53",0,P26,49.99900,-144.99900,CTD,Cruise_Data/2011/2011-027/CTD/2011-027-0071.ctd,www.waterproperties.ca/osd_data_archive/Cruise_Data/2011/2011-027/CTD/2011-027-0071.ctd,www.waterproperties.ca/osd_data_archive/netCDF_Data/CTD/2011-027-0071.ctd.nc
2011-027,"IOS, Ocean Sciences Division, Sidney, B.C.","Robert M.","John P. Tully","2011-08-26 23:39:43","2011-08-26 23:39:43",0,P26,50.00150,-145.00383,CTD,Cruise_Data/2011/2011-027/CTD/2011-027-0073.ctd,www.waterproperties.ca/osd_data_archive/Cruise_Data/2011/2011-027/CTD/2011-027-0073.ctd,www.waterproperties.ca/osd_data_archive/netCDF_Data/CTD/2011-027-0073.ctd.nc
2011-027,"IOS, Ocean Sciences Division, Sidney, B.C.","Robert M.","John P. Tully","2011-08-26 10:04:13","2011-08-26 10:04:13",0,P26,50.00033,-144.99967,CTD,Cruise_Data/2011/2011-027/CTD/2011-027-0067.ctd,www.waterproperties.ca/osd_data_archive/Cruise_Data/2011/2011-027/CTD/2011-027-0067.ctd,www.waterproperties.ca/osd_data_archive/netCDF_Data/CTD/2011-027-0067.ctd.nc
2011-026,"IOS, Ocean Sciences Division, Sidney, B.C.","Robert M.","John P. Tully","2011-06-13 00:35:14","2011-06-13 00:35:14",0,P26,50.00200,-144.99900,CTD,Cruise_Data/2011/2011-026/CTD/2011-026-0085.ctd,www.waterproperties.ca/osd_data_archive/Cruise_Data/2011/2011-026/CTD/2011-026-0085.ctd,www.waterproperties.ca/osd_data_archive/netCDF_Data/CTD/2011-026-0085.ctd.nc
2011-026,"IOS, Ocean Sciences Division, Sidney, B.C.","Robert M.","John P. Tully","2011-06-12 02:34:54","2011-06-12 02:34:54",0,P26,50.00083,-145.00033,CTD,Cruise_Data/2011/2011-026/CTD/2011-026-0076.ctd,www.waterproperties.ca/osd_data_archive/Cruise_Data/2011/2011-026/CTD/2011-026-0076.ctd,www.waterproperties.ca/osd_data_archive/netCDF_Data/CTD/2011-026-0076.ctd.nc
2011-026,"IOS, Ocean Sciences Division, Sidney, B.C.","Robert M.","John P. Tully","2011-06-13 19:41:16","2011-06-13 19:41:16",0,P26,50.00017,-144.99767,CTD,Cruise_Data/2011/2011-026/CTD/2011-026-0093.ctd,www.waterproperties.ca/osd_data_archive/Cruise_Data/2011/2011-026/CTD/2011-026-0093.ctd,www.waterproperties.ca/osd_data_archive/netCDF_Data/CTD/2011-026-0093.ctd.nc
2011-026,"IOS, Ocean Sciences Division, Sidney, B.C.","Robert M.","John P. Tully","2011-06-12 04:54:48","2011-06-12 04:54:48",0,P26,50.00000,-145.00183,CTD,Cruise_Data/2011/2011-026/CTD/2011-026-0078.ctd,www.waterproperties.ca/osd_data_archive/Cruise_Data/2011/2011-026/CTD/2011-026-0078.ctd,www.waterproperties.ca/osd_data_archive/netCDF_Data/CTD/2011-026-0078.ctd.nc
2011-026,"IOS, Ocean Sciences Division, Sidney, B.C.","Robert M.","John P. Tully","2011-06-12 15:21:10","2011-06-12 15:21:10",0,P26,49.99867,-144.99983,CTD,Cruise_Data/2011/2011-026/CTD/2011-026-0082.ctd,www.waterproperties.ca/osd_data_archive/Cruise_Data/2011/2011-026/CTD/2011-026-0082.ctd,www.waterproperties.ca/osd_data_archive/netCDF_Data/CTD/2011-026-0082.ctd.nc
2011-026,"IOS, Ocean Sciences Division, Sidney, B.C.","Robert M.","John P. Tully","2011-06-12 03:59:30","2011-06-12 03:59:30",0,P26,49.99917,-144.99900,CTD,Cruise_Data/2011/2011-026/CTD/2011-026-0077.ctd,www.waterproperties.ca/osd_data_archive/Cruise_Data/2011/2011-026/CTD/2011-026-0077.ctd,www.waterproperties.ca/osd_data_archive/netCDF_Data/CTD/2011-026-0077.ctd.nc
2011-026,"IOS, Ocean Sciences Division, Sidney, B.C.","Robert M.","John P. Tully","2011-06-12 23:00:10","2011-06-12 23:00:10",0,P26,50.00267,-145.01200,CTD,Cruise_Data/2011/2011-026/CTD/2011-026-0084.ctd,www.waterproperties.ca/osd_data_archive/Cruise_Data/2011/2011-026/CTD/2011-026-0084.ctd,www.waterproperties.ca/osd_data_archive/netCDF_Data/CTD/2011-026-0084.ctd.nc
2011-026,"IOS, Ocean Sciences Division, Sidney, B.C.","Robert M.","John P. Tully","2011-06-13 04:50:21","2011-06-13 04:50:21",0,P26,50.00050,-144.99650,CTD,Cruise_Data/2011/2011-026/CTD/2011-026-0087.ctd,www.waterproperties.ca/osd_data_archive/Cruise_Data/2011/2011-026/CTD/2011-026-0087.ctd,www.waterproperties.ca/osd_data_archive/netCDF_Data/CTD/2011-026-0087.ctd.nc
2011-001,"IOS, Ocean Sciences Division, Sidney, B.C.","Robert M.","John P. Tully","2011-02-15 23:33:24","2011-02-15 23:33:24",0,P26,49.99617,-144.99650,CTD,Cruise_Data/2011/2011-001/CTD/2011-001-0058.ctd,www.waterproperties.ca/osd_data_archive/Cruise_Data/2011/2011-001/CTD/2011-001-0058.ctd,www.waterproperties.ca/osd_data_archive/netCDF_Data/CTD/2011-001-0058.ctd.nc
2014-019,"IOS, Ocean Sciences Division, Sidney, B.C.","Robert M.","John P. Tully","2014-08-29 21:33:36","2014-08-29 21:33:36",0,P26,49.99817,-144.99800,CTD,Cruise_Data/2014/2014-019/CTD/2014-019-0112.ctd,www.waterproperties.ca/osd_data_archive/Cruise_Data/2014/2014-019/CTD/2014-019-0112.ctd,www.waterproperties.ca/osd_data_archive/netCDF_Data/CTD/2014-019-0112.ctd.nc
2014-019,"IOS, Ocean Sciences Division, Sidney, B.C.","Robert M.","John P. Tully","2014-08-28 19:51:49","2014-08-28 19:51:49",0,P26,50.00067,-144.99867,CTD,Cruise_Data/2014/2014-019/CTD/2014-019-0104.ctd,www.waterproperties.ca/osd_data_archive/Cruise_Data/2014/2014-019/CTD/2014-019-0104.ctd,www.waterproperties.ca/osd_data_archive/netCDF_Data/CTD/2014-019-0104.ctd.nc
2014-019,"IOS, Ocean Sciences Division, Sidney, B.C.","Robert M.","John P. Tully","2014-08-28 12:42:15","2014-08-28 12:42:15",0,P26,49.99950,-145.00200,CTD,Cruise_Data/2014/2014-019/CTD/2014-019-0100.ctd,www.waterproperties.ca/osd_data_archive/Cruise_Data/2014/2014-019/CTD/2014-019-0100.ctd,www.waterproperties.ca/osd_data_archive/netCDF_Data/CTD/2014-019-0100.ctd.nc
2014-019,"IOS, Ocean Sciences Division, Sidney, B.C.","Robert M.","John P. Tully","2014-08-29 11:35:29","2014-08-29 11:35:29",0,P26,50.00000,-144.99967,CTD,Cruise_Data/2014/2014-019/CTD/2014-019-0109.ctd,www.waterproperties.ca/osd_data_archive/Cruise_Data/2014/2014-019/CTD/2014-019-0109.ctd,www.waterproperties.ca/osd_data_archive/netCDF_Data/CTD/2014-019-0109.ctd.nc
2014-019,"IOS, Ocean Sciences Division, Sidney, B.C.","Robert M.","John P. Tully","2014-08-28 11:47:05","2014-08-28 11:47:05",0,P26,49.99883,-144.99967,CTD,Cruise_Data/2014/2014-019/CTD/2014-019-0098.ctd,www.waterproperties.ca/osd_data_archive/Cruise_Data/2014/2014-019/CTD/2014-019-0098.ctd,www.waterproperties.ca/osd_data_archive/netCDF_Data/CTD/2014-019-0098.ctd.nc
2014-019,"IOS, Ocean Sciences Division, Sidney, B.C.","Robert M.","John P. Tully","2014-08-29 00:31:53","2014-08-29 00:31:53",0,P26,49.99967,-144.99983,CTD,Cruise_Data/2014/2014-019/CTD/2014-019-0105.ctd,www.waterproperties.ca/osd_data_archive/Cruise_Data/2014/2014-019/CTD/2014-019-0105.ctd,www.waterproperties.ca/osd_data_archive/netCDF_Data/CTD/2014-019-0105.ctd.nc
2014-019,"IOS, Ocean Sciences Division, Sidney, B.C.","Robert M.","John P. Tully","2014-08-28 16:32:50","2014-08-28 16:32:50",0,P26,50.00200,-145.00050,CTD,Cruise_Data/2014/2014-019/CTD/2014-019-0102.ctd,www.waterproperties.ca/osd_data_archive/Cruise_Data/2014/2014-019/CTD/2014-019-0102.ctd,www.waterproperties.ca/osd_data_archive/netCDF_Data/CTD/2014-019-0102.ctd.nc
2014-019,"IOS, Ocean Sciences Division, Sidney, B.C.","Robert M.","John P. Tully","2014-08-29 23:34:17","2014-08-29 23:34:17",0,P26,49.99850,-144.99933,CTD,Cruise_Data/2014/2014-019/CTD/2014-019-0113.ctd,www.waterproperties.ca/osd_data_archive/Cruise_Data/2014/2014-019/CTD/2014-019-0113.ctd,www.waterproperties.ca/osd_data_archive/netCDF_Data/CTD/2014-019-0113.ctd.nc
2014-001,"IOS, Ocean Sciences Division, Sidney, B.C.","Robert M.","John P. Tully","2014-02-19 19:24:02","2014-02-19 19:24:02",0,P26,50.00033,-144.99900,CTD,Cruise_Data/2014/2014-001/CTD/2014-001-0043.ctd,www.waterproperties.ca/osd_data_archive/Cruise_Data/2014/2014-001/CTD/2014-001-0043.ctd,www.waterproperties.ca/osd_data_archive/netCDF_Data/CTD/2014-001-0043.ctd.nc
2014-001,"IOS, Ocean Sciences Division, Sidney, B.C.","Robert M.","John P. Tully","2014-02-20 03:13:49","2014-02-20 03:13:49",0,P26,49.99967,-144.99817,CTD,Cruise_Data/2014/2014-001/CTD/2014-001-0049.ctd,www.waterproperties.ca/osd_data_archive/Cruise_Data/2014/2014-001/CTD/2014-001-0049.ctd,www.waterproperties.ca/osd_data_archive/netCDF_Data/CTD/2014-001-0049.ctd.nc
2014-001,"IOS, Ocean Sciences Division, Sidney, B.C.","Robert M.","John P. Tully","2014-02-20 02:26:34","2014-02-20 02:26:34",0,P26,50.00000,-144.99867,CTD,Cruise_Data/2014/2014-001/CTD/2014-001-0048.ctd,www.waterproperties.ca/osd_data_archive/Cruise_Data/2014/2014-001/CTD/2014-001-0048.ctd,www.waterproperties.ca/osd_data_archive/netCDF_Data/CTD/2014-001-0048.ctd.nc
2014-001,"IOS, Ocean Sciences Division, Sidney, B.C.","Robert M.","John P. Tully","2014-02-19 15:32:49","2014-02-19 15:32:49",0,P26,49.99967,-144.99867,CTD,Cruise_Data/2014/2014-001/CTD/2014-001-0041.ctd,www.waterproperties.ca/osd_data_archive/Cruise_Data/2014/2014-001/CTD/2014-001-0041.ctd,www.waterproperties.ca/osd_data_archive/netCDF_Data/CTD/2014-001-0041.ctd.nc
2014-001,"IOS, Ocean Sciences Division, Sidney, B.C.","Robert M.","John P. Tully","2014-02-20 00:16:44","2014-02-20 00:16:44",0,P26,50.00067,-144.99850,CTD,Cruise_Data/2014/2014-001/CTD/2014-001-0046.ctd,www.waterproperties.ca/osd_data_archive/Cruise_Data/2014/2014-001/CTD/2014-001-0046.ctd,www.waterproperties.ca/osd_data_archive/netCDF_Data/CTD/2014-001-0046.ctd.nc
2014-018,"IOS, Ocean Sciences Division, Sidney, B.C.","Robert M.","John P. Tully","2014-06-17 12:31:34","2014-06-17 12:31:34",0,P26,50.00050,-144.99950,CTD,Cruise_Data/2014/2014-018/CTD/2014-018-0072.ctd,www.waterproperties.ca/osd_data_archive/Cruise_Data/2014/2014-018/CTD/2014-018-0072.ctd,www.waterproperties.ca/osd_data_archive/netCDF_Data/CTD/2014-018-0072.ctd.nc
2014-018,"IOS, Ocean Sciences Division, Sidney, B.C.","Robert M.","John P. Tully","2014-06-17 21:30:11","2014-06-17 21:30:11",0,P26,50.00050,-144.99917,CTD,Cruise_Data/2014/2014-018/CTD/2014-018-0074.ctd,www.waterproperties.ca/osd_data_archive/Cruise_Data/2014/2014-018/CTD/2014-018-0074.ctd,www.waterproperties.ca/osd_data_archive/netCDF_Data/CTD/2014-018-0074.ctd.nc
2014-018,"IOS, Ocean Sciences Division, Sidney, B.C.","Robert M.","John P. Tully","2014-06-18 02:41:07","2014-06-18 02:41:07",0,P26,50.00000,-144.99883,CTD,Cruise_Data/2014/2014-018/CTD/2014-018-0077.ctd,www.waterproperties.ca/osd_data_archive/Cruise_Data/2014/2014-018/CTD/2014-018-0077.ctd,www.waterproperties.ca/osd_data_archive/netCDF_Data/CTD/2014-018-0077.ctd.nc
2014-018,"IOS, Ocean Sciences Division, Sidney, B.C.","Robert M.","John P. Tully","2014-06-19 11:37:09","2014-06-19 11:37:09",0,P26,50.00067,-144.99850,CTD,Cruise_Data/2014/2014-018/CTD/2014-018-0083.ctd,www.waterproperties.ca/osd_data_archive/Cruise_Data/2014/2014-018/CTD/2014-018-0083.ctd,www.waterproperties.ca/osd_data_archive/netCDF_Data/CTD/2014-018-0083.ctd.nc
2014-018,"IOS, Ocean Sciences Division, Sidney, B.C.","Robert M.","John P. Tully","2014-06-18 07:17:29","2014-06-18 07:17:29",0,P26,49.99983,-144.99917,CTD,Cruise_Data/2014/2014-018/CTD/2014-018-0078.ctd,www.waterproperties.ca/osd_data_archive/Cruise_Data/2014/2014-018/CTD/2014-018-0078.ctd,www.waterproperties.ca/osd_data_archive/netCDF_Data/CTD/2014-018-0078.ctd.nc
2010-014,"IOS, Ocean Sciences Division, Sidney, B.C.","Robert M.","John P. Tully","2010-08-26 22:12:07","2010-08-26 22:12:07",0,P26,50.00017,-145.00000,CTD,Cruise_Data/2010/2010-014/CTD/2010-014-0084.ctd,www.waterproperties.ca/osd_data_archive/Cruise_Data/2010/2010-014/CTD/2010-014-0084.ctd,www.waterproperties.ca/osd_data_archive/netCDF_Data/CTD/2010-014-0084.ctd.nc
2010-014,"IOS, Ocean Sciences Division, Sidney, B.C.","Robert M.","John P. Tully","2010-08-26 23:29:35","2010-08-26 23:29:35",0,P26,50.00167,-144.99933,CTD,Cruise_Data/2010/2010-014/CTD/2010-014-0086.ctd,www.waterproperties.ca/osd_data_archive/Cruise_Data/2010/2010-014/CTD/2010-014-0086.ctd,www.waterproperties.ca/osd_data_archive/netCDF_Data/CTD/2010-014-0086.ctd.nc
2010-014,"IOS, Ocean Sciences Division, Sidney, B.C.","Robert M.","John P. Tully","2010-08-27 05:30:49","2010-08-27 05:30:49",0,P26,50.00083,-144.99967,CTD,Cruise_Data/2010/2010-014/CTD/2010-014-0090.ctd,www.waterproperties.ca/osd_data_archive/Cruise_Data/2010/2010-014/CTD/2010-014-0090.ctd,www.waterproperties.ca/osd_data_archive/netCDF_Data/CTD/2010-014-0090.ctd.nc
2010-014,"IOS, Ocean Sciences Division, Sidney, B.C.","Robert M.","John P. Tully","2010-08-27 08:34:38","2010-08-27 08:34:38",0,P26,50.00033,-144.99917,CTD,Cruise_Data/2010/2010-014/CTD/2010-014-0092.ctd,www.waterproperties.ca/osd_data_archive/Cruise_Data/2010/2010-014/CTD/2010-014-0092.ctd,www.waterproperties.ca/osd_data_archive/netCDF_Data/CTD/2010-014-0092.ctd.nc
2010-014,"IOS, Ocean Sciences Division, Sidney, B.C.","Robert M.","John P. Tully","2010-08-27 16:58:30","2010-08-27 16:58:30",0,P26,49.99967,-144.99983,CTD,Cruise_Data/2010/2010-014/CTD/2010-014-0097.ctd,www.waterproperties.ca/osd_data_archive/Cruise_Data/2010/2010-014/CTD/2010-014-0097.ctd,www.waterproperties.ca/osd_data_archive/netCDF_Data/CTD/2010-014-0097.ctd.nc
2010-014,"IOS, Ocean Sciences Division, Sidney, B.C.","Robert M.","John P. Tully","2010-08-27 10:26:10","2010-08-27 10:26:10",0,P26,50.00067,-145.00033,CTD,Cruise_Data/2010/2010-014/CTD/2010-014-0093.ctd,www.waterproperties.ca/osd_data_archive/Cruise_Data/2010/2010-014/CTD/2010-014-0093.ctd,www.waterproperties.ca/osd_data_archive/netCDF_Data/CTD/2010-014-0093.ctd.nc
2010-014,"IOS, Ocean Sciences Division, Sidney, B.C.","Robert M.","John P. Tully","2010-08-27 21:30:27","2010-08-27 21:30:27",0,P26,49.99850,-144.99450,CTD,Cruise_Data/2010/2010-014/CTD/2010-014-0101.ctd,www.waterproperties.ca/osd_data_archive/Cruise_Data/2010/2010-014/CTD/2010-014-0101.ctd,www.waterproperties.ca/osd_data_archive/netCDF_Data/CTD/2010-014-0101.ctd.nc
2010-014,"IOS, Ocean Sciences Division, Sidney, B.C.","Robert M.","John P. Tully","2010-08-27 03:36:25","2010-08-27 03:36:25",0,P26,50.00083,-144.99900,CTD,Cruise_Data/2010/2010-014/CTD/2010-014-0088.ctd,www.waterproperties.ca/osd_data_archive/Cruise_Data/2010/2010-014/CTD/2010-014-0088.ctd,www.waterproperties.ca/osd_data_archive/netCDF_Data/CTD/2010-014-0088.ctd.nc
2010-013,"IOS, Ocean Sciences Division, Sidney, B.C.","Robert M.","John P. Tully","2010-06-14 08:49:12","2010-06-14 08:49:12",0,P26,49.99967,-144.99817,CTD,Cruise_Data/2010/2010-013/CTD/2010-013-0052.ctd,www.waterproperties.ca/osd_data_archive/Cruise_Data/2010/2010-013/CTD/2010-013-0052.ctd,www.waterproperties.ca/osd_data_archive/netCDF_Data/CTD/2010-013-0052.ctd.nc
2010-013,"IOS, Ocean Sciences Division, Sidney, B.C.","Robert M.","John P. Tully","2010-06-17 23:04:24","2010-06-17 23:04:24",0,P26,50.00033,-145.00017,CTD,Cruise_Data/2010/2010-013/CTD/2010-013-0072.ctd,www.waterproperties.ca/osd_data_archive/Cruise_Data/2010/2010-013/CTD/2010-013-0072.ctd,www.waterproperties.ca/osd_data_archive/netCDF_Data/CTD/2010-013-0072.ctd.nc
2010-013,"IOS, Ocean Sciences Division, Sidney, B.C.","Robert M.","John P. Tully","2010-06-13 21:26:12","2010-06-13 21:26:12",0,P26,49.99983,-144.99850,CTD,Cruise_Data/2010/2010-013/CTD/2010-013-0048.ctd,www.waterproperties.ca/osd_data_archive/Cruise_Data/2010/2010-013/CTD/2010-013-0048.ctd,www.waterproperties.ca/osd_data_archive/netCDF_Data/CTD/2010-013-0048.ctd.nc
2010-013,"IOS, Ocean Sciences Division, Sidney, B.C.","Robert M.","John P. Tully","2010-06-14 07:10:38","2010-06-14 07:10:38",0,P26,50.00000,-144.99833,CTD,Cruise_Data/2010/2010-013/CTD/2010-013-0051.ctd,www.waterproperties.ca/osd_data_archive/Cruise_Data/2010/2010-013/CTD/2010-013-0051.ctd,www.waterproperties.ca/osd_data_archive/netCDF_Data/CTD/2010-013-0051.ctd.nc
2010-013,"IOS, Ocean Sciences Division, Sidney, B.C.","Robert M.","John P. Tully","2010-06-13 20:25:34","2010-06-13 20:25:34",0,P26,50.00017,-144.99767,CTD,Cruise_Data/2010/2010-013/CTD/2010-013-0047.ctd,www.waterproperties.ca/osd_data_archive/Cruise_Data/2010/2010-013/CTD/2010-013-0047.ctd,www.waterproperties.ca/osd_data_archive/netCDF_Data/CTD/2010-013-0047.ctd.nc
2010-013,"IOS, Ocean Sciences Division, Sidney, B.C.","Robert M.","John P. Tully","2010-06-17 05:49:16","2010-06-17 05:49:16",0,P26,49.99917,-145.00000,CTD,Cruise_Data/2010/2010-013/CTD/2010-013-0068.ctd,www.waterproperties.ca/osd_data_archive/Cruise_Data/2010/2010-013/CTD/2010-013-0068.ctd,www.waterproperties.ca/osd_data_archive/netCDF_Data/CTD/2010-013-0068.ctd.nc
2010-013,"IOS, Ocean Sciences Division, Sidney, B.C.","Robert M.","John P. Tully","2010-06-13 22:35:50","2010-06-13 22:35:50",0,P26,50.00017,-144.99767,CTD,Cruise_Data/2010/2010-013/CTD/2010-013-0049.ctd,www.waterproperties.ca/osd_data_archive/Cruise_Data/2010/2010-013/CTD/2010-013-0049.ctd,www.waterproperties.ca/osd_data_archive/netCDF_Data/CTD/2010-013-0049.ctd.nc
2010-013,"IOS, Ocean Sciences Division, Sidney, B.C.","Robert M.","John P. Tully","2010-06-14 03:01:14","2010-06-14 03:01:14",0,P26,50.00050,-144.99583,CTD,Cruise_Data/2010/2010-013/CTD/2010-013-0050.ctd,www.waterproperties.ca/osd_data_archive/Cruise_Data/2010/2010-013/CTD/2010-013-0050.ctd,www.waterproperties.ca/osd_data_archive/netCDF_Data/CTD/2010-013-0050.ctd.nc
2010-013,"IOS, Ocean Sciences Division, Sidney, B.C.","Robert M.","John P. Tully","2010-06-17 07:37:18","2010-06-17 07:37:18",0,P26,50.00000,-144.99900,CTD,Cruise_Data/2010/2010-013/CTD/2010-013-0069.ctd,www.waterproperties.ca/osd_data_archive/Cruise_Data/2010/2010-013/CTD/2010-013-0069.ctd,www.waterproperties.ca/osd_data_archive/netCDF_Data/CTD/2010-013-0069.ctd.nc
2010-013,"IOS, Ocean Sciences Division, Sidney, B.C.","Robert M.","John P. Tully","2010-06-17 01:41:20","2010-06-17 01:41:20",0,P26,49.99950,-144.99950,CTD,Cruise_Data/2010/2010-013/CTD/2010-013-0065.ctd,www.waterproperties.ca/osd_data_archive/Cruise_Data/2010/2010-013/CTD/2010-013-0065.ctd,www.waterproperties.ca/osd_data_archive/netCDF_Data/CTD/2010-013-0065.ctd.nc
2010-013,"IOS, Ocean Sciences Division, Sidney, B.C.","Robert M.","John P. Tully","2010-06-17 03:37:36","2010-06-17 03:37:36",0,P26,49.99867,-144.99967,CTD,Cruise_Data/2010/2010-013/CTD/2010-013-0067.ctd,www.waterproperties.ca/osd_data_archive/Cruise_Data/2010/2010-013/CTD/2010-013-0067.ctd,www.waterproperties.ca/osd_data_archive/netCDF_Data/CTD/2010-013-0067.ctd.nc
2018-026,"IOS, Ocean Sciences Division, Sidney, B.C.","Robert M.","John P. Tully","2018-06-13 19:17:50","2018-06-13 19:17:50",0,P26,50.00167,-145.00083,CTD,Cruise_Data/2018/2018-026/CTD/2018-026-0081.ctd,www.waterproperties.ca/osd_data_archive/Cruise_Data/2018/2018-026/CTD/2018-026-0081.ctd,www.waterproperties.ca/osd_data_archive/netCDF_Data/CTD/2018-026-0081.ctd.nc
2018-026,"IOS, Ocean Sciences Division, Sidney, B.C.","Robert M.","John P. Tully","2018-06-13 18:31:56","2018-06-13 18:31:56",0,P26,50.00233,-145.00017,CTD,Cruise_Data/2018/2018-026/CTD/2018-026-0080.ctd,www.waterproperties.ca/osd_data_archive/Cruise_Data/2018/2018-026/CTD/2018-026-0080.ctd,www.waterproperties.ca/osd_data_archive/netCDF_Data/CTD/2018-026-0080.ctd.nc
2018-026,"IOS, Ocean Sciences Division, Sidney, B.C.","Robert M.","John P. Tully","2018-06-14 01:20:46","2018-06-14 01:20:46",0,P26,49.99867,-144.99933,CTD,Cruise_Data/2018/2018-026/CTD/2018-026-0084.ctd,www.waterproperties.ca/osd_data_archive/Cruise_Data/2018/2018-026/CTD/2018-026-0084.ctd,www.waterproperties.ca/osd_data_archive/netCDF_Data/CTD/2018-026-0084.ctd.nc
2018-026,"IOS, Ocean Sciences Division, Sidney, B.C.","Robert M.","John P. Tully","2018-06-14 00:10:11","2018-06-14 00:10:11",0,P26,49.99833,-145.00083,CTD,Cruise_Data/2018/2018-026/CTD/2018-026-0083.ctd,www.waterproperties.ca/osd_data_archive/Cruise_Data/2018/2018-026/CTD/2018-026-0083.ctd,www.waterproperties.ca/osd_data_archive/netCDF_Data/CTD/2018-026-0083.ctd.nc
2018-026,"IOS, Ocean Sciences Division, Sidney, B.C.","Robert M.","John P. Tully","2018-06-13 14:26:44","2018-06-13 14:26:44",0,P26,50.00067,-144.99883,CTD,Cruise_Data/2018/2018-026/CTD/2018-026-0076.ctd,www.waterproperties.ca/osd_data_archive/Cruise_Data/2018/2018-026/CTD/2018-026-0076.ctd,www.waterproperties.ca/osd_data_archive/netCDF_Data/CTD/2018-026-0076.ctd.nc
2018-001,"IOS, Ocean Sciences Division, Sidney, B.C.","Robert M.","Sir Wilfrid Laurier","2018-02-26 22:03:10","2018-02-26 22:03:10",0,P26,50.00050,-144.99967,CTD,Cruise_Data/2018/2018-001/CTD/2018-001-0056.ctd,www.waterproperties.ca/osd_data_archive/Cruise_Data/2018/2018-001/CTD/2018-001-0056.ctd,www.waterproperties.ca/osd_data_archive/netCDF_Data/CTD/2018-001-0056.ctd.nc
2018-001,"IOS, Ocean Sciences Division, Sidney, B.C.","Robert M.","Sir Wilfrid Laurier","2018-02-26 16:22:04","2018-02-26 16:22:04",0,P26,49.99733,-144.99900,CTD,Cruise_Data/2018/2018-001/CTD/2018-001-0053.ctd,www.waterproperties.ca/osd_data_archive/Cruise_Data/2018/2018-001/CTD/2018-001-0053.ctd,www.waterproperties.ca/osd_data_archive/netCDF_Data/CTD/2018-001-0053.ctd.nc
2018-001,"IOS, Ocean Sciences Division, Sidney, B.C.","Robert M.","Sir Wilfrid Laurier","2018-02-27 00:07:36","2018-02-27 00:07:36",0,P26,49.99933,-144.99950,CTD,Cruise_Data/2018/2018-001/CTD/2018-001-0058.ctd,www.waterproperties.ca/osd_data_archive/Cruise_Data/2018/2018-001/CTD/2018-001-0058.ctd,www.waterproperties.ca/osd_data_archive/netCDF_Data/CTD/2018-001-0058.ctd.nc
2017-001,"IOS, Ocean Sciences Division, Sidney, B.C.","Robert M.","John P. Tully","2017-02-12 06:12:45","2017-02-12 06:12:45",0,P26,50.00183,-144.99850,CTD,Cruise_Data/2017/2017-001/CTD/2017-001-0044.ctd,www.waterproperties.ca/osd_data_archive/Cruise_Data/2017/2017-001/CTD/2017-001-0044.ctd,www.waterproperties.ca/osd_data_archive/netCDF_Data/CTD/2017-001-0044.ctd.nc
2017-001,"IOS, Ocean Sciences Division, Sidney, B.C.","Robert M.","John P. Tully","2017-02-12 09:32:16","2017-02-12 09:32:16",0,P26,50.00183,-144.99850,CTD,Cruise_Data/2017/2017-001/CTD/2017-001-0047.ctd,www.waterproperties.ca/osd_data_archive/Cruise_Data/2017/2017-001/CTD/2017-001-0047.ctd,www.waterproperties.ca/osd_data_archive/netCDF_Data/CTD/2017-001-0047.ctd.nc
2017-001,"IOS, Ocean Sciences Division, Sidney, B.C.","Robert M.","John P. Tully","2017-02-12 16:33:22","2017-02-12 16:33:22",0,P26,50.00017,-145.00017,CTD,Cruise_Data/2017/2017-001/CTD/2017-001-0051.ctd,www.waterproperties.ca/osd_data_archive/Cruise_Data/2017/2017-001/CTD/2017-001-0051.ctd,www.waterproperties.ca/osd_data_archive/netCDF_Data/CTD/2017-001-0051.ctd.nc
2017-001,"IOS, Ocean Sciences Division, Sidney, B.C.","Robert M.","John P. Tully","2017-02-12 12:05:28","2017-02-12 12:05:28",0,P26,50.00017,-144.99983,CTD,Cruise_Data/2017/2017-001/CTD/2017-001-0050.ctd,www.waterproperties.ca/osd_data_archive/Cruise_Data/2017/2017-001/CTD/2017-001-0050.ctd,www.waterproperties.ca/osd_data_archive/netCDF_Data/CTD/2017-001-0050.ctd.nc
2017-001,"IOS, Ocean Sciences Division, Sidney, B.C.","Robert M.","John P. Tully","2017-02-12 10:04:32","2017-02-12 10:04:32",0,P26,50.00133,-144.99900,CTD,Cruise_Data/2017/2017-001/CTD/2017-001-0048.ctd,www.waterproperties.ca/osd_data_archive/Cruise_Data/2017/2017-001/CTD/2017-001-0048.ctd,www.waterproperties.ca/osd_data_archive/netCDF_Data/CTD/2017-001-0048.ctd.nc
2017-008,"IOS, Ocean Sciences Division, Sidney, B.C.","Robert M.","John P. Tully","2017-08-25 08:44:28","2017-08-25 08:44:28",0,P26,49.99900,-144.99767,CTD,Cruise_Data/2017/2017-008/CTD/2017-008-0089.ctd,www.waterproperties.ca/osd_data_archive/Cruise_Data/2017/2017-008/CTD/2017-008-0089.ctd,www.waterproperties.ca/osd_data_archive/netCDF_Data/CTD/2017-008-0089.ctd.nc
2017-008,"IOS, Ocean Sciences Division, Sidney, B.C.","Robert M.","John P. Tully","2017-08-25 08:14:12","2017-08-25 08:14:12",0,P26,50.00117,-144.99900,CTD,Cruise_Data/2017/2017-008/CTD/2017-008-0088.ctd,www.waterproperties.ca/osd_data_archive/Cruise_Data/2017/2017-008/CTD/2017-008-0088.ctd,www.waterproperties.ca/osd_data_archive/netCDF_Data/CTD/2017-008-0088.ctd.nc
2017-008,"IOS, Ocean Sciences Division, Sidney, B.C.","Robert M.","John P. Tully","2017-08-24 22:11:28","2017-08-24 22:11:28",0,P26,50.00033,-145.00000,CTD,Cruise_Data/2017/2017-008/CTD/2017-008-0082.ctd,www.waterproperties.ca/osd_data_archive/Cruise_Data/2017/2017-008/CTD/2017-008-0082.ctd,www.waterproperties.ca/osd_data_archive/netCDF_Data/CTD/2017-008-0082.ctd.nc
2017-008,"IOS, Ocean Sciences Division, Sidney, B.C.","Robert M.","John P. Tully","2017-08-24 20:45:06","2017-08-24 20:45:06",0,P26,49.99800,-144.99800,CTD,Cruise_Data/2017/2017-008/CTD/2017-008-0080.ctd,www.waterproperties.ca/osd_data_archive/Cruise_Data/2017/2017-008/CTD/2017-008-0080.ctd,www.waterproperties.ca/osd_data_archive/netCDF_Data/CTD/2017-008-0080.ctd.nc
2017-008,"IOS, Ocean Sciences Division, Sidney, B.C.","Robert M.","John P. Tully","2017-08-25 05:15:50","2017-08-25 05:15:50",0,P26,49.99967,-144.99817,CTD,Cruise_Data/2017/2017-008/CTD/2017-008-0086.ctd,www.waterproperties.ca/osd_data_archive/Cruise_Data/2017/2017-008/CTD/2017-008-0086.ctd,www.waterproperties.ca/osd_data_archive/netCDF_Data/CTD/2017-008-0086.ctd.nc
2017-006,"IOS, Ocean Sciences Division, Sidney, B.C.","Robert M.","John P. Tully","2017-06-12 21:51:29","2017-06-12 21:51:29",0,P26,50.00017,-144.99967,CTD,Cruise_Data/2017/2017-006/CTD/2017-006-0087.ctd,www.waterproperties.ca/osd_data_archive/Cruise_Data/2017/2017-006/CTD/2017-006-0087.ctd,www.waterproperties.ca/osd_data_archive/netCDF_Data/CTD/2017-006-0087.ctd.nc
2017-006,"IOS, Ocean Sciences Division, Sidney, B.C.","Robert M.","John P. Tully","2017-06-13 15:54:18","2017-06-13 15:54:18",0,P26,50.00017,-145.00417,CTD,Cruise_Data/2017/2017-006/CTD/2017-006-0096.ctd,www.waterproperties.ca/osd_data_archive/Cruise_Data/2017/2017-006/CTD/2017-006-0096.ctd,www.waterproperties.ca/osd_data_archive/netCDF_Data/CTD/2017-006-0096.ctd.nc
2017-006,"IOS, Ocean Sciences Division, Sidney, B.C.","Robert M.","John P. Tully","2017-06-13 11:33:32","2017-06-13 11:33:32",0,P26,49.99983,-145.00317,CTD,Cruise_Data/2017/2017-006/CTD/2017-006-0092.ctd,www.waterproperties.ca/osd_data_archive/Cruise_Data/2017/2017-006/CTD/2017-006-0092.ctd,www.waterproperties.ca/osd_data_archive/netCDF_Data/CTD/2017-006-0092.ctd.nc
2017-006,"IOS, Ocean Sciences Division, Sidney, B.C.","Robert M.","John P. Tully","2017-06-13 02:19:17","2017-06-13 02:19:17",0,P26,50.00000,-144.99967,CTD,Cruise_Data/2017/2017-006/CTD/2017-006-0091.ctd,www.waterproperties.ca/osd_data_archive/Cruise_Data/2017/2017-006/CTD/2017-006-0091.ctd,www.waterproperties.ca/osd_data_archive/netCDF_Data/CTD/2017-006-0091.ctd.nc
2017-006,"IOS, Ocean Sciences Division, Sidney, B.C.","Robert M.","John P. Tully","2017-06-12 17:06:38","2017-06-12 17:06:38",0,P26,49.99983,-144.99850,CTD,Cruise_Data/2017/2017-006/CTD/2017-006-0085.ctd,www.waterproperties.ca/osd_data_archive/Cruise_Data/2017/2017-006/CTD/2017-006-0085.ctd,www.waterproperties.ca/osd_data_archive/netCDF_Data/CTD/2017-006-0085.ctd.nc
2018-040,"IOS, Ocean Sciences Division, Sidney, B.C.","Robert M.","John P. Tully","2018-09-20 11:38:55","2018-09-20 11:38:55",0,P26,50.00133,-144.99650,CTD,Cruise_Data/2018/2018-040/CTD/2018-040-0084.ctd,www.waterproperties.ca/osd_data_archive/Cruise_Data/2018/2018-040/CTD/2018-040-0084.ctd,www.waterproperties.ca/osd_data_archive/netCDF_Data/CTD/2018-040-0084.ctd.nc
2018-040,"IOS, Ocean Sciences Division, Sidney, B.C.","Robert M.","John P. Tully","2018-09-20 08:04:31","2018-09-20 08:04:31",0,P26,50.00100,-145.00200,CTD,Cruise_Data/2018/2018-040/CTD/2018-040-0080.ctd,www.waterproperties.ca/osd_data_archive/Cruise_Data/2018/2018-040/CTD/2018-040-0080.ctd,www.waterproperties.ca/osd_data_archive/netCDF_Data/CTD/2018-040-0080.ctd.nc
2018-040,"IOS, Ocean Sciences Division, Sidney, B.C.","Robert M.","John P. Tully","2018-09-20 11:02:12","2018-09-20 11:02:12",0,P26,49.99967,-145.00117,CTD,Cruise_Data/2018/2018-040/CTD/2018-040-0083.ctd,www.waterproperties.ca/osd_data_archive/Cruise_Data/2018/2018-040/CTD/2018-040-0083.ctd,www.waterproperties.ca/osd_data_archive/netCDF_Data/CTD/2018-040-0083.ctd.nc
2018-040,"IOS, Ocean Sciences Division, Sidney, B.C.","Robert M.","John P. Tully","2018-09-20 21:19:36","2018-09-20 21:19:36",0,P26,50.00050,-144.99933,CTD,Cruise_Data/2018/2018-040/CTD/2018-040-0089.ctd,www.waterproperties.ca/osd_data_archive/Cruise_Data/2018/2018-040/CTD/2018-040-0089.ctd,www.waterproperties.ca/osd_data_archive/netCDF_Data/CTD/2018-040-0089.ctd.nc
2018-040,"IOS, Ocean Sciences Division, Sidney, B.C.","Robert M.","John P. Tully","2018-09-20 12:17:00","2018-09-20 12:17:00",0,P26,49.99950,-145.00183,CTD,Cruise_Data/2018/2018-040/CTD/2018-040-0085.ctd,www.waterproperties.ca/osd_data_archive/Cruise_Data/2018/2018-040/CTD/2018-040-0085.ctd,www.waterproperties.ca/osd_data_archive/netCDF_Data/CTD/2018-040-0085.ctd.nc
2019-001,"IOS, Ocean Sciences Division, Sidney, B.C.","Robert M.","John P. Tully","2019-02-12 10:56:01","2019-02-12 10:56:01",0,P26,49.99950,-144.99917,CTD,Cruise_Data/2019/2019-001/CTD/2019-001-0051.ctd,www.waterproperties.ca/osd_data_archive/Cruise_Data/2019/2019-001/CTD/2019-001-0051.ctd,www.waterproperties.ca/osd_data_archive/netCDF_Data/CTD/2019-001-0051.ctd.nc
2019-001,"IOS, Ocean Sciences Division, Sidney, B.C.","Robert M.","John P. Tully","2019-02-12 13:12:35","2019-02-12 13:12:35",0,P26,50.00033,-145.00150,CTD,Cruise_Data/2019/2019-001/CTD/2019-001-0054.ctd,www.waterproperties.ca/osd_data_archive/Cruise_Data/2019/2019-001/CTD/2019-001-0054.ctd,www.waterproperties.ca/osd_data_archive/netCDF_Data/CTD/2019-001-0054.ctd.nc
2019-001,"IOS, Ocean Sciences Division, Sidney, B.C.","Robert M.","John P. Tully","2019-02-12 17:41:11","2019-02-12 17:41:11",0,P26,49.99983,-145.00083,CTD,Cruise_Data/2019/2019-001/CTD/2019-001-0055.ctd,www.waterproperties.ca/osd_data_archive/Cruise_Data/2019/2019-001/CTD/2019-001-0055.ctd,www.waterproperties.ca/osd_data_archive/netCDF_Data/CTD/2019-001-0055.ctd.nc
2019-006,"IOS, Ocean Sciences Division, Sidney, B.C.","Robert M.","John P. Tully","2019-06-11 01:01:16","2019-06-11 01:01:16",0,P26,50.00117,-145.00033,CTD,Cruise_Data/2019/2019-006/CTD/2019-006-0079.ctd,www.waterproperties.ca/osd_data_archive/Cruise_Data/2019/2019-006/CTD/2019-006-0079.ctd,www.waterproperties.ca/osd_data_archive/netCDF_Data/CTD/2019-006-0079.ctd.nc
2019-006,"IOS, Ocean Sciences Division, Sidney, B.C.","Robert M.","John P. Tully","2019-06-10 15:08:11","2019-06-10 15:08:11",0,P26,50.00050,-145.00117,CTD,Cruise_Data/2019/2019-006/CTD/2019-006-0076.ctd,www.waterproperties.ca/osd_data_archive/Cruise_Data/2019/2019-006/CTD/2019-006-0076.ctd,www.waterproperties.ca/osd_data_archive/netCDF_Data/CTD/2019-006-0076.ctd.nc
2019-006,"IOS, Ocean Sciences Division, Sidney, B.C.","Robert M.","John P. Tully","2019-06-10 21:56:32","2019-06-10 21:56:32",0,P26,50.00033,-145.00067,CTD,Cruise_Data/2019/2019-006/CTD/2019-006-0078.ctd,www.waterproperties.ca/osd_data_archive/Cruise_Data/2019/2019-006/CTD/2019-006-0078.ctd,www.waterproperties.ca/osd_data_archive/netCDF_Data/CTD/2019-006-0078.ctd.nc
2019-006,"IOS, Ocean Sciences Division, Sidney, B.C.","Robert M.","John P. Tully","2019-06-10 17:44:23","2019-06-10 17:44:23",0,P26,50.00250,-144.99883,CTD,Cruise_Data/2019/2019-006/CTD/2019-006-0077.ctd,www.waterproperties.ca/osd_data_archive/Cruise_Data/2019/2019-006/CTD/2019-006-0077.ctd,www.waterproperties.ca/osd_data_archive/netCDF_Data/CTD/2019-006-0077.ctd.nc
2019-006,"IOS, Ocean Sciences Division, Sidney, B.C.","Robert M.","John P. Tully","2019-06-11 12:25:23","2019-06-11 12:25:23",0,P26,50.00100,-145.00083,CTD,Cruise_Data/2019/2019-006/CTD/2019-006-0085.ctd,www.waterproperties.ca/osd_data_archive/Cruise_Data/2019/2019-006/CTD/2019-006-0085.ctd,www.waterproperties.ca/osd_data_archive/netCDF_Data/CTD/2019-006-0085.ctd.nc
2019-008,"IOS, Ocean Sciences Division, Sidney, B.C.","Robert M.","John P. Tully","2019-08-23 22:32:49","2019-08-23 22:32:49",0,P26,49.99983,-144.99967,CTD,Cruise_Data/2019/2019-008/CTD/2019-008-0096.ctd,www.waterproperties.ca/osd_data_archive/Cruise_Data/2019/2019-008/CTD/2019-008-0096.ctd,www.waterproperties.ca/osd_data_archive/netCDF_Data/CTD/2019-008-0096.ctd.nc
2019-008,"IOS, Ocean Sciences Division, Sidney, B.C.","Robert M.","John P. Tully","2019-08-23 14:20:36","2019-08-23 14:20:36",0,P26,50.00200,-144.99933,CTD,Cruise_Data/2019/2019-008/CTD/2019-008-0090.ctd,www.waterproperties.ca/osd_data_archive/Cruise_Data/2019/2019-008/CTD/2019-008-0090.ctd,www.waterproperties.ca/osd_data_archive/netCDF_Data/CTD/2019-008-0090.ctd.nc
2019-008,"IOS, Ocean Sciences Division, Sidney, B.C.","Robert M.","John P. Tully","2019-08-23 21:45:40","2019-08-23 21:45:40",0,P26,49.99983,-144.99967,CTD,Cruise_Data/2019/2019-008/CTD/2019-008-0095.ctd,www.waterproperties.ca/osd_data_archive/Cruise_Data/2019/2019-008/CTD/2019-008-0095.ctd,www.waterproperties.ca/osd_data_archive/netCDF_Data/CTD/2019-008-0095.ctd.nc
2019-008,"IOS, Ocean Sciences Division, Sidney, B.C.","Robert M.","John P. Tully","2019-08-24 11:00:50","2019-08-24 11:00:50",0,P26,50.00000,-144.99933,CTD,Cruise_Data/2019/2019-008/CTD/2019-008-0099.ctd,www.waterproperties.ca/osd_data_archive/Cruise_Data/2019/2019-008/CTD/2019-008-0099.ctd,www.waterproperties.ca/osd_data_archive/netCDF_Data/CTD/2019-008-0099.ctd.nc
2019-008,"IOS, Ocean Sciences Division, Sidney, B.C.","Robert M.","John P. Tully","2019-08-23 19:44:52","2019-08-23 19:44:52",0,P26,49.99983,-144.99917,CTD,Cruise_Data/2019/2019-008/CTD/2019-008-0092.ctd,www.waterproperties.ca/osd_data_archive/Cruise_Data/2019/2019-008/CTD/2019-008-0092.ctd,www.waterproperties.ca/osd_data_archive/netCDF_Data/CTD/2019-008-0092.ctd.nc
2019-008,"IOS, Ocean Sciences Division, Sidney, B.C.","Robert M.","John P. Tully","2019-08-23 18:01:15","2019-08-23 18:01:15",0,P26,50.00083,-145.00100,CTD,Cruise_Data/2019/2019-008/CTD/2019-008-0091.ctd,www.waterproperties.ca/osd_data_archive/Cruise_Data/2019/2019-008/CTD/2019-008-0091.ctd,www.waterproperties.ca/osd_data_archive/netCDF_Data/CTD/2019-008-0091.ctd.nc
2019-008,"IOS, Ocean Sciences Division, Sidney, B.C.","Robert M.","John P. Tully","2019-08-24 07:03:53","2019-08-24 07:03:53",0,P26,50.00050,-145.00200,CTD,Cruise_Data/2019/2019-008/CTD/2019-008-0098.ctd,www.waterproperties.ca/osd_data_archive/Cruise_Data/2019/2019-008/CTD/2019-008-0098.ctd,www.waterproperties.ca/osd_data_archive/netCDF_Data/CTD/2019-008-0098.ctd.nc
2020-001,"IOS, Ocean Sciences Division, Sidney BC","Robert M.","John P. Tully","2020-02-17 04:29:08","2020-02-17 04:29:08",0,P26,50.00083,-144.99733,CTD,Cruise_Data/2020/2020-001/CTD/2020-001-0077.ctd,www.waterproperties.ca/osd_data_archive/Cruise_Data/2020/2020-001/CTD/2020-001-0077.ctd,www.waterproperties.ca/osd_data_archive/netCDF_Data/CTD/2020-001-0077.ctd.nc
2020-001,"IOS, Ocean Sciences Division, Sidney BC","Robert M.","John P. Tully","2020-02-17 01:04:08","2020-02-17 01:04:08",0,P26,50.00017,-144.99917,CTD,Cruise_Data/2020/2020-001/CTD/2020-001-0073.ctd,www.waterproperties.ca/osd_data_archive/Cruise_Data/2020/2020-001/CTD/2020-001-0073.ctd,www.waterproperties.ca/osd_data_archive/netCDF_Data/CTD/2020-001-0073.ctd.nc
2020-001,"IOS, Ocean Sciences Division, Sidney BC","Robert M.","John P. Tully","2020-02-16 20:17:18","2020-02-16 20:17:18",0,P26,49.99917,-144.99883,CTD,Cruise_Data/2020/2020-001/CTD/2020-001-0071.ctd,www.waterproperties.ca/osd_data_archive/Cruise_Data/2020/2020-001/CTD/2020-001-0071.ctd,www.waterproperties.ca/osd_data_archive/netCDF_Data/CTD/2020-001-0071.ctd.nc
2020-001,"IOS, Ocean Sciences Division, Sidney BC","Robert M.","John P. Tully","2020-02-16 19:09:29","2020-02-16 19:09:29",0,P26,49.99983,-144.99933,CTD,Cruise_Data/2020/2020-001/CTD/2020-001-0070.ctd,www.waterproperties.ca/osd_data_archive/Cruise_Data/2020/2020-001/CTD/2020-001-0070.ctd,www.waterproperties.ca/osd_data_archive/netCDF_Data/CTD/2020-001-0070.ctd.nc
2020-008,"IOS, Ocean Sciences Division, Sidney, B.C.","Robert M.","John P. Tully","2020-08-20 21:50:06","2020-08-20 21:50:06",0,P26,50.00000,-145.00017,CTD,Cruise_Data/2020/2020-008/CTD/2020-008-0078.ctd,www.waterproperties.ca/osd_data_archive/Cruise_Data/2020/2020-008/CTD/2020-008-0078.ctd,www.waterproperties.ca/osd_data_archive/netCDF_Data/CTD/2020-008-0078.ctd.nc
2020-008,"IOS, Ocean Sciences Division, Sidney, B.C.","Robert M.","John P. Tully","2020-08-20 19:29:06","2020-08-20 19:29:06",0,P26,49.99950,-144.99933,CTD,Cruise_Data/2020/2020-008/CTD/2020-008-0077.ctd,www.waterproperties.ca/osd_data_archive/Cruise_Data/2020/2020-008/CTD/2020-008-0077.ctd,www.waterproperties.ca/osd_data_archive/netCDF_Data/CTD/2020-008-0077.ctd.nc
2021-001,"IOS, Ocean Sciences Division, Sidney, B.C.","Robert M.","John P. Tully","2021-02-09 17:11:17","2021-02-09 17:11:17",0,P26,50.00000,-145.00217,CTD,Cruise_Data/2021/2021-001/CTD/2021-001-0092.ctd,www.waterproperties.ca/osd_data_archive/Cruise_Data/2021/2021-001/CTD/2021-001-0092.ctd,www.waterproperties.ca/osd_data_archive/netCDF_Data/CTD/2021-001-0092.ctd.nc
2021-001,"IOS, Ocean Sciences Division, Sidney, B.C.","Robert M.","John P. Tully","2021-02-09 15:57:34","2021-02-09 15:57:34",0,P26,50.00017,-145.00033,CTD,Cruise_Data/2021/2021-001/CTD/2021-001-0091.ctd,www.waterproperties.ca/osd_data_archive/Cruise_Data/2021/2021-001/CTD/2021-001-0091.ctd,www.waterproperties.ca/osd_data_archive/netCDF_Data/CTD/2021-001-0091.ctd.nc
2021-006,"IOS, Ocean Sciences Division, Sidney, B.C.","Robert M.","John P. Tully","2021-05-10 16:57:39","2021-05-10 16:57:39",0,P26,49.99967,-144.99933,CTD,Cruise_Data/2021/2021-006/CTD/2021-006-0075.ctd,www.waterproperties.ca/osd_data_archive/Cruise_Data/2021/2021-006/CTD/2021-006-0075.ctd,www.waterproperties.ca/osd_data_archive/netCDF_Data/CTD/2021-006-0075.ctd.nc
2021-006,"IOS, Ocean Sciences Division, Sidney, B.C.","Robert M.","John P. Tully","2021-05-11 00:22:28","2021-05-11 00:22:28",0,P26,49.99917,-145.00000,CTD,Cruise_Data/2021/2021-006/CTD/2021-006-0079.ctd,www.waterproperties.ca/osd_data_archive/Cruise_Data/2021/2021-006/CTD/2021-006-0079.ctd,www.waterproperties.ca/osd_data_archive/netCDF_Data/CTD/2021-006-0079.ctd.nc
2021-006,"IOS, Ocean Sciences Division, Sidney, B.C.","Robert M.","John P. Tully","2021-05-10 18:23:52","2021-05-10 18:23:52",0,P26,50.00000,-144.99900,CTD,Cruise_Data/2021/2021-006/CTD/2021-006-0077.ctd,www.waterproperties.ca/osd_data_archive/Cruise_Data/2021/2021-006/CTD/2021-006-0077.ctd,www.waterproperties.ca/osd_data_archive/netCDF_Data/CTD/2021-006-0077.ctd.nc
2021-008,"IOS, Ocean Sciences Division, Sidney, B.C.","Robert M.","John P. Tully","2021-09-01 22:03:05","2021-09-01 22:03:05",0,P26,50.00033,-144.99900,CTD,Cruise_Data/2021/2021-008/CTD/2021-008-0077.ctd,www.waterproperties.ca/osd_data_archive/Cruise_Data/2021/2021-008/CTD/2021-008-0077.ctd,www.waterproperties.ca/osd_data_archive/netCDF_Data/CTD/2021-008-0077.ctd.nc
2021-008,"IOS, Ocean Sciences Division, Sidney, B.C.","Robert M.","John P. Tully","2021-09-02 04:21:59","2021-09-02 04:21:59",0,P26,50.00017,-144.99967,CTD,Cruise_Data/2021/2021-008/CTD/2021-008-0079.ctd,www.waterproperties.ca/osd_data_archive/Cruise_Data/2021/2021-008/CTD/2021-008-0079.ctd,www.waterproperties.ca/osd_data_archive/netCDF_Data/CTD/2021-008-0079.ctd.nc
2021-008,"IOS, Ocean Sciences Division, Sidney, B.C.","Robert M.","John P. Tully","2021-09-01 19:50:15","2021-09-01 19:50:15",0,P26,50.00017,-144.99850,CTD,Cruise_Data/2021/2021-008/CTD/2021-008-0075.ctd,www.waterproperties.ca/osd_data_archive/Cruise_Data/2021/2021-008/CTD/2021-008-0075.ctd,www.waterproperties.ca/osd_data_archive/netCDF_Data/CTD/2021-008-0075.ctd.nc
2022-001,"IOS, Ocean Sciences Division, Sidney, B.C.","Robert M.","John P. Tully","2022-03-10 18:50:06","2022-03-10 18:50:06",0,P26,49.99867,-144.99883,CTD,Cruise_Data/2022/2022-001/CTD/2022-001-0082.ctd,www.waterproperties.ca/osd_data_archive/Cruise_Data/2022/2022-001/CTD/2022-001-0082.ctd,www.waterproperties.ca/osd_data_archive/netCDF_Data/CTD/2022-001-0082.ctd.nc
2022-001,"IOS, Ocean Sciences Division, Sidney, B.C.","Robert M.","John P. Tully","2022-03-10 17:27:22","2022-03-10 17:27:22",0,P26,50.00033,-144.99967,CTD,Cruise_Data/2022/2022-001/CTD/2022-001-0080.ctd,www.waterproperties.ca/osd_data_archive/Cruise_Data/2022/2022-001/CTD/2022-001-0080.ctd,www.waterproperties.ca/osd_data_archive/netCDF_Data/CTD/2022-001-0080.ctd.nc
2022-008,"IOS, Ocean Sciences Division, Sidney, B.C.","Robert M.","John P. Tully","2022-08-20 04:22:07","2022-08-20 04:22:07",0,P26,50.00100,-145.00133,CTD,Cruise_Data/2022/2022-008/CTD/2022-008-0092.ctd,www.waterproperties.ca/osd_data_archive/Cruise_Data/2022/2022-008/CTD/2022-008-0092.ctd,www.waterproperties.ca/osd_data_archive/netCDF_Data/CTD/2022-008-0092.ctd.nc
2022-008,"IOS, Ocean Sciences Division, Sidney, B.C.","Robert M.","John P. Tully","2022-08-19 08:17:53","2022-08-19 08:17:53",0,P26,49.99983,-144.99867,CTD,Cruise_Data/2022/2022-008/CTD/2022-008-0084.ctd,www.waterproperties.ca/osd_data_archive/Cruise_Data/2022/2022-008/CTD/2022-008-0084.ctd,www.waterproperties.ca/osd_data_archive/netCDF_Data/CTD/2022-008-0084.ctd.nc
2022-008,"IOS, Ocean Sciences Division, Sidney, B.C.","Robert M.","John P. Tully","2022-08-19 21:05:05","2022-08-19 21:05:05",0,P26,49.99983,-144.99883,CTD,Cruise_Data/2022/2022-008/CTD/2022-008-0090.ctd,www.waterproperties.ca/osd_data_archive/Cruise_Data/2022/2022-008/CTD/2022-008-0090.ctd,www.waterproperties.ca/osd_data_archive/netCDF_Data/CTD/2022-008-0090.ctd.nc
2007-015,"IOS, Ocean Sciences Division, Sidney, B.C.","Robert M.","John P. Tully","2007-08-22 23:36:57","2007-08-22 23:36:57",0,P26,50.00050,-145.00033,CTD,Cruise_Data/2007/2007-015/CTD/2007-015-0052.ctd,www.waterproperties.ca/osd_data_archive/Cruise_Data/2007/2007-015/CTD/2007-015-0052.ctd,www.waterproperties.ca/osd_data_archive/netCDF_Data/CTD/2007-015-0052.ctd.nc
2007-015,"IOS, Ocean Sciences Division, Sidney, B.C.","Robert M.","John P. Tully","2007-08-23 05:34:19","2007-08-23 05:34:19",0,P26,50.00350,-145.00667,CTD,Cruise_Data/2007/2007-015/CTD/2007-015-0055.ctd,www.waterproperties.ca/osd_data_archive/Cruise_Data/2007/2007-015/CTD/2007-015-0055.ctd,www.waterproperties.ca/osd_data_archive/netCDF_Data/CTD/2007-015-0055.ctd.nc
2007-015,"IOS, Ocean Sciences Division, Sidney, B.C.","Robert M.","John P. Tully","2007-08-22 15:46:36","2007-08-22 15:46:36",0,P26,50.00133,-145.00100,CTD,Cruise_Data/2007/2007-015/CTD/2007-015-0048.ctd,www.waterproperties.ca/osd_data_archive/Cruise_Data/2007/2007-015/CTD/2007-015-0048.ctd,www.waterproperties.ca/osd_data_archive/netCDF_Data/CTD/2007-015-0048.ctd.nc
2007-015,"IOS, Ocean Sciences Division, Sidney, B.C.","Robert M.","John P. Tully","2007-08-22 14:36:25","2007-08-22 14:36:25",0,P26,50.00133,-145.00083,CTD,Cruise_Data/2007/2007-015/CTD/2007-015-0047.ctd,www.waterproperties.ca/osd_data_archive/Cruise_Data/2007/2007-015/CTD/2007-015-0047.ctd,www.waterproperties.ca/osd_data_archive/netCDF_Data/CTD/2007-015-0047.ctd.nc
2007-015,"IOS, Ocean Sciences Division, Sidney, B.C.","Robert M.","John P. Tully","2007-08-22 21:39:35","2007-08-22 21:39:35",0,P26,49.99950,-144.99967,CTD,Cruise_Data/2007/2007-015/CTD/2007-015-0051.ctd,www.waterproperties.ca/osd_data_archive/Cruise_Data/2007/2007-015/CTD/2007-015-0051.ctd,www.waterproperties.ca/osd_data_archive/netCDF_Data/CTD/2007-015-0051.ctd.nc
2007-001,"IOS, Ocean Sciences Division, Sidney, B.C.","Robert M.","John P. Tully","2007-02-15 17:54:32","2007-02-15 17:54:32",0,P26,49.99950,-144.99933,CTD,Cruise_Data/2007/2007-001/CTD/2007-001-0068.ctd,www.waterproperties.ca/osd_data_archive/Cruise_Data/2007/2007-001/CTD/2007-001-0068.ctd,www.waterproperties.ca/osd_data_archive/netCDF_Data/CTD/2007-001-0068.ctd.nc
2007-001,"IOS, Ocean Sciences Division, Sidney, B.C.","Robert M.","John P. Tully","2007-02-16 03:02:17","2007-02-16 03:02:17",0,P26,49.99983,-144.99900,CTD,Cruise_Data/2007/2007-001/CTD/2007-001-0072.ctd,www.waterproperties.ca/osd_data_archive/Cruise_Data/2007/2007-001/CTD/2007-001-0072.ctd,www.waterproperties.ca/osd_data_archive/netCDF_Data/CTD/2007-001-0072.ctd.nc
2007-001,"IOS, Ocean Sciences Division, Sidney, B.C.","Robert M.","John P. Tully","2007-02-15 16:48:42","2007-02-15 16:48:42",0,P26,49.99933,-145.00017,CTD,Cruise_Data/2007/2007-001/CTD/2007-001-0067.ctd,www.waterproperties.ca/osd_data_archive/Cruise_Data/2007/2007-001/CTD/2007-001-0067.ctd,www.waterproperties.ca/osd_data_archive/netCDF_Data/CTD/2007-001-0067.ctd.nc
2007-001,"IOS, Ocean Sciences Division, Sidney, B.C.","Robert M.","John P. Tully","2007-02-15 13:17:57","2007-02-15 13:17:57",0,P26,49.99983,-144.99967,CTD,Cruise_Data/2007/2007-001/CTD/2007-001-0066.ctd,www.waterproperties.ca/osd_data_archive/Cruise_Data/2007/2007-001/CTD/2007-001-0066.ctd,www.waterproperties.ca/osd_data_archive/netCDF_Data/CTD/2007-001-0066.ctd.nc
2007-001,"IOS, Ocean Sciences Division, Sidney, B.C.","Robert M.","John P. Tully","2007-02-15 22:14:08","2007-02-15 22:14:08",0,P26,50.00017,-145.00017,CTD,Cruise_Data/2007/2007-001/CTD/2007-001-0069.ctd,www.waterproperties.ca/osd_data_archive/Cruise_Data/2007/2007-001/CTD/2007-001-0069.ctd,www.waterproperties.ca/osd_data_archive/netCDF_Data/CTD/2007-001-0069.ctd.nc
2007-013,"IOS, Ocean Sciences Division, Sidney, B.C.","Robert M.","John P. Tully","2007-06-08 21:13:41","2007-06-08 21:13:41",0,P26,50.00050,-144.99683,CTD,Cruise_Data/2007/2007-013/CTD/2007-013-0068.ctd,www.waterproperties.ca/osd_data_archive/Cruise_Data/2007/2007-013/CTD/2007-013-0068.ctd,www.waterproperties.ca/osd_data_archive/netCDF_Data/CTD/2007-013-0068.ctd.nc
2007-013,"IOS, Ocean Sciences Division, Sidney, B.C.","Robert M.","John P. Tully","2007-06-08 17:40:23","2007-06-08 17:40:23",0,P26,49.99967,-145.00000,CTD,Cruise_Data/2007/2007-013/CTD/2007-013-0067.ctd,www.waterproperties.ca/osd_data_archive/Cruise_Data/2007/2007-013/CTD/2007-013-0067.ctd,www.waterproperties.ca/osd_data_archive/netCDF_Data/CTD/2007-013-0067.ctd.nc
2007-013,"IOS, Ocean Sciences Division, Sidney, B.C.","Robert M.","John P. Tully","2007-06-08 04:32:23","2007-06-08 04:32:23",0,P26,50.00500,-144.97900,CTD,Cruise_Data/2007/2007-013/CTD/2007-013-0063.ctd,www.waterproperties.ca/osd_data_archive/Cruise_Data/2007/2007-013/CTD/2007-013-0063.ctd,www.waterproperties.ca/osd_data_archive/netCDF_Data/CTD/2007-013-0063.ctd.nc
2007-013,"IOS, Ocean Sciences Division, Sidney, B.C.","Robert M.","John P. Tully","2007-06-09 05:06:00","2007-06-09 05:06:00",0,P26,50.00033,-145.00217,CTD,Cruise_Data/2007/2007-013/CTD/2007-013-0071.ctd,www.waterproperties.ca/osd_data_archive/Cruise_Data/2007/2007-013/CTD/2007-013-0071.ctd,www.waterproperties.ca/osd_data_archive/netCDF_Data/CTD/2007-013-0071.ctd.nc
2007-013,"IOS, Ocean Sciences Division, Sidney, B.C.","Robert M.","John P. Tully","2007-06-08 14:00:21","2007-06-08 14:00:21",0,P26,50.00033,-145.00083,CTD,Cruise_Data/2007/2007-013/CTD/2007-013-0066.ctd,www.waterproperties.ca/osd_data_archive/Cruise_Data/2007/2007-013/CTD/2007-013-0066.ctd,www.waterproperties.ca/osd_data_archive/netCDF_Data/CTD/2007-013-0066.ctd.nc
2007-013,"IOS, Ocean Sciences Division, Sidney, B.C.","Robert M.","John P. Tully","2007-06-09 10:33:52","2007-06-09 10:33:52",0,P26,50.00050,-145.00017,CTD,Cruise_Data/2007/2007-013/CTD/2007-013-0072.ctd,www.waterproperties.ca/osd_data_archive/Cruise_Data/2007/2007-013/CTD/2007-013-0072.ctd,www.waterproperties.ca/osd_data_archive/netCDF_Data/CTD/2007-013-0072.ctd.nc
2007-013,"IOS, Ocean Sciences Division, Sidney, B.C.","Robert M.","John P. Tully","2007-06-07 15:06:55","2007-06-07 15:06:55",0,P26,49.96417,-145.00417,CTD,Cruise_Data/2007/2007-013/CTD/2007-013-0060.ctd,www.waterproperties.ca/osd_data_archive/Cruise_Data/2007/2007-013/CTD/2007-013-0060.ctd,www.waterproperties.ca/osd_data_archive/netCDF_Data/CTD/2007-013-0060.ctd.nc
2007-013,"IOS, Ocean Sciences Division, Sidney, B.C.","Robert M.","John P. Tully","2007-06-08 08:02:12","2007-06-08 08:02:12",0,P26,49.98367,-145.00350,CTD,Cruise_Data/2007/2007-013/CTD/2007-013-0065.ctd,www.waterproperties.ca/osd_data_archive/Cruise_Data/2007/2007-013/CTD/2007-013-0065.ctd,www.waterproperties.ca/osd_data_archive/netCDF_Data/CTD/2007-013-0065.ctd.nc
2007-013,"IOS, Ocean Sciences Division, Sidney, B.C.","Robert M.","John P. Tully","2007-06-07 10:53:49","2007-06-07 10:53:49",0,P26,50.00000,-144.99967,CTD,Cruise_Data/2007/2007-013/CTD/2007-013-0058.ctd,www.waterproperties.ca/osd_data_archive/Cruise_Data/2007/2007-013/CTD/2007-013-0058.ctd,www.waterproperties.ca/osd_data_archive/netCDF_Data/CTD/2007-013-0058.ctd.nc
2007-013,"IOS, Ocean Sciences Division, Sidney, B.C.","Robert M.","John P. Tully","2007-06-09 01:08:17","2007-06-09 01:08:17",0,P26,49.99950,-144.99850,CTD,Cruise_Data/2007/2007-013/CTD/2007-013-0070.ctd,www.waterproperties.ca/osd_data_archive/Cruise_Data/2007/2007-013/CTD/2007-013-0070.ctd,www.waterproperties.ca/osd_data_archive/netCDF_Data/CTD/2007-013-0070.ctd.nc
2007-013,"IOS, Ocean Sciences Division, Sidney, B.C.","Robert M.","John P. Tully","2007-06-07 07:16:42","2007-06-07 07:16:42",0,P26,49.97933,-145.03317,CTD,Cruise_Data/2007/2007-013/CTD/2007-013-0055.ctd,www.waterproperties.ca/osd_data_archive/Cruise_Data/2007/2007-013/CTD/2007-013-0055.ctd,www.waterproperties.ca/osd_data_archive/netCDF_Data/CTD/2007-013-0055.ctd.nc
2007-013,"IOS, Ocean Sciences Division, Sidney, B.C.","Robert M.","John P. Tully","2007-06-09 14:51:06","2007-06-09 14:51:06",0,P26,50.03733,-145.03083,CTD,Cruise_Data/2007/2007-013/CTD/2007-013-0074.ctd,www.waterproperties.ca/osd_data_archive/Cruise_Data/2007/2007-013/CTD/2007-013-0074.ctd,www.waterproperties.ca/osd_data_archive/netCDF_Data/CTD/2007-013-0074.ctd.nc
2007-013,"IOS, Ocean Sciences Division, Sidney, B.C.","Robert M.","John P. Tully","2007-06-07 02:36:29","2007-06-07 02:36:29",0,P26,50.00067,-144.99583,CTD,Cruise_Data/2007/2007-013/CTD/2007-013-0053.ctd,www.waterproperties.ca/osd_data_archive/Cruise_Data/2007/2007-013/CTD/2007-013-0053.ctd,www.waterproperties.ca/osd_data_archive/netCDF_Data/CTD/2007-013-0053.ctd.nc
